condition,n,accuracy,clean_accuracy,asr,asr_n,asr_denominator,asr_ci_low,asr_ci_high,targeted_asr,targeted_n,targeted_ci_low,targeted_ci_high,mean_severity_drop,median_severity_drop,one_level_drop_rate,two_level_drop_rate,severe_undertriage,undertriage_ci_low,undertriage_ci_high,critical_undertriage,critical_ci_low,critical_ci_high,induced_undertriage,induced_undertriage_n,induced_denominator,induced_ci_low,induced_ci_high,analysis
benign_image,900,0.5044444444444445,0.51,0.058823529411764705,27.0,459.0,0.04073872140455195,0.08423162798478841,0.010893246187363835,5.0,0.00466167028550022,0.025243729407867226,-0.011111111111111112,0.0,0.03,0.0011111111111111111,0.12,0.0879508443036389,0.16165781382701605,0.03666666666666667,0.02059530516285303,0.06445384817189295,0.007692307692307693,2.0,260.0,0.0021120491738382853,0.027608294458824678,all_v2_main
benign_joint,900,0.5033333333333333,0.51,0.06535947712418301,30.0,459.0,0.046162841055399306,0.09177091056521011,0.015250544662309368,7.0,0.007406572011246677,0.031141095836300127,-0.008888888888888889,0.0,0.03666666666666667,0.0011111111111111111,0.11666666666666667,0.08509313461466292,0.15793314332415567,0.03666666666666667,0.02059530516285303,0.06445384817189295,0.011538461538461539,3.0,260.0,0.00393173246263534,0.03336892098539745,all_v2_main
benign_text,900,0.5122222222222222,0.51,0.023965141612200435,11.0,459.0,0.013433439692482927,0.042398764463422584,0.008714596949891068,4.0,0.003394006501022605,0.022190259115255163,0.02,0.0,0.025555555555555557,0.0022222222222222222,0.13333333333333333,0.09946641683411198,0.1764717620638884,0.03333333333333333,0.01820494733885481,0.06026182580405482,0.007692307692307693,2.0,260.0,0.0021120491738382853,0.027608294458824678,all_v2_main
clean,900,0.51,,,,,,,,,,,,,,,,,,,,,,,,,,all_v2_main
direct_image,900,0.5111111111111111,0.51,0.32461873638344224,149.0,459.0,0.2833922354006519,0.36875647139362916,0.2875816993464052,132.0,0.2480707022476679,0.3306187252360886,0.5755555555555556,0.0,0.4088888888888889,0.19777777777777777,0.36333333333333334,0.3109540370105783,0.4191683751241309,0.35,0.29823200252235404,0.4055608888450096,0.2846153846153846,74.0,260.0,0.233213890562833,0.3422887597764569,all_v2_main
direct_joint,900,0.5011111111111111,0.51,0.30501089324618735,140.0,459.0,0.2646531918968753,0.3486053082035986,0.23529411764705882,108.0,0.19878446905084082,0.2761977405827634,0.4222222222222222,0.0,0.3422222222222222,0.15222222222222223,0.3,0.2509396637848768,0.35411752470494157,0.28,0.23221902212795326,0.33334388521084696,0.2153846153846154,56.0,260.0,0.1697522443913564,0.26930482927127686,all_v2_main
direct_text,900,0.5166666666666667,0.51,0.13507625272331156,62.0,459.0,0.10681866172541854,0.16939138036206058,0.07407407407407407,34.0,0.053489626352721586,0.10172866157624652,0.10777777777777778,0.0,0.14,0.035555555555555556,0.15666666666666668,0.11990681678878562,0.2021080234520693,0.08,0.054346855395144764,0.11627324043347391,0.05384615384615385,14.0,260.0,0.03234262052918687,0.08834144088791393,all_v2_main
misleading_image,900,0.5411111111111111,0.51,0.23529411764705882,108.0,459.0,0.19878446905084082,0.2761977405827634,0.1437908496732026,66.0,0.1146449208966342,0.17884965749920356,0.41444444444444445,0.0,0.34555555555555556,0.07666666666666666,0.3466666666666667,0.2950585411049252,0.40215197007060216,0.18666666666666668,0.1466374821326313,0.23461877983475085,0.25,65.0,260.0,0.20126438949446024,0.3060154725065014,all_v2_main
misleading_joint,900,0.53,0.51,0.26143790849673204,120.0,459.0,0.22333674659408637,0.3034990719645941,0.15904139433551198,73.0,0.128433645974544,0.19530887096092153,0.43444444444444447,0.0,0.3622222222222222,0.0811111111111111,0.37333333333333335,0.32052468559554903,0.42934486711466924,0.18666666666666668,0.1466374821326313,0.23461877983475085,0.28076923076923077,73.0,260.0,0.2296440631236289,0.3382782774002913,all_v2_main
misleading_text,900,0.5511111111111111,0.51,0.13725490196078433,63.0,459.0,0.10877138344725487,0.17175979271731392,0.0784313725490196,36.0,0.05718869602770776,0.10667186005543969,0.2633333333333333,0.0,0.2388888888888889,0.03,0.24333333333333335,0.19822154125071836,0.2949351839778819,0.10333333333333333,0.07375658473854114,0.142940172432932,0.13846153846153847,36.0,260.0,0.10171904321035474,0.1857318341448821,all_v2_main
benign_image,742,0.5053908355795148,0.5175202156334232,0.0703125,27.0,384.0,0.048769773443894854,0.10036709035754635,0.013020833333333334,5.0,0.005574200268114409,0.030114245373518957,-0.018867924528301886,0.0,0.029649595687331536,0.0013477088948787063,0.11666666666666667,0.08196258984100718,0.1634487487808546,0.03333333333333333,0.01698546425790705,0.06438486102088117,0.009569377990430622,2.0,209.0,0.002628203347104105,0.034213579565594655,exclude_tweet_overlap_duplicates_mojibake
benign_joint,742,0.5053908355795148,0.5175202156334232,0.07552083333333333,29.0,384.0,0.05309440127089559,0.10635595509052811,0.015625,6.0,0.00718024179306718,0.03366495012855744,-0.01078167115902965,0.0,0.03908355795148248,0.0013477088948787063,0.12083333333333333,0.08546347834981291,0.16814991093920253,0.0375,0.019852143313748394,0.06972023263219351,0.014354066985645933,3.0,209.0,0.00489347378781561,0.04134497465744219,exclude_tweet_overlap_duplicates_mojibake
benign_text,742,0.5161725067385444,0.5175202156334232,0.028645833333333332,11.0,384.0,0.016069252583651453,0.05055967073792948,0.010416666666666666,4.0,0.004058086643044981,0.02647361271859711,0.0215633423180593,0.0,0.026954177897574125,0.0026954177897574125,0.13333333333333333,0.09605375830035265,0.18216578299012384,0.03333333333333333,0.01698546425790705,0.06438486102088117,0.009569377990430622,2.0,209.0,0.002628203347104105,0.034213579565594655,exclude_tweet_overlap_duplicates_mojibake
clean,742,0.5175202156334232,,,,,,,,,,,,,,,,,,,,,,,,,,exclude_tweet_overlap_duplicates_mojibake
direct_image,742,0.5161725067385444,0.5175202156334232,0.3177083333333333,122.0,384.0,0.2731425268419776,0.36588523355863367,0.2786458333333333,107.0,0.23616527665062523,0.32551128955011716,0.5592991913746631,0.0,0.3975741239892183,0.192722371967655,0.3458333333333333,0.2885130073734605,0.40801111794185346,0.32916666666666666,0.27281594056579545,0.39089998208090376,0.2679425837320574,56.0,209.0,0.21248411856259167,0.33177760310829507,exclude_tweet_overlap_duplicates_mojibake
direct_joint,742,0.5080862533692723,0.5175202156334232,0.2916666666666667,112.0,384.0,0.2484472115308724,0.33901308606982633,0.22395833333333334,86.0,0.18511210804277745,0.26827278627814843,0.3935309973045822,0.0,0.3261455525606469,0.14150943396226415,0.275,0.2223885797371556,0.3347006842365459,0.25416666666666665,0.20325441583962553,0.3128245947983075,0.19138755980861244,40.0,209.0,0.14381458331305993,0.25010048983688227,exclude_tweet_overlap_duplicates_mojibake
direct_text,742,0.5175202156334232,0.5175202156334232,0.13802083333333334,53.0,384.0,0.1070919486781948,0.1761203184030193,0.07552083333333333,29.0,0.05309440127089559,0.10635595509052811,0.09568733153638814,0.0,0.1320754716981132,0.03234501347708895,0.15,0.11035827900640917,0.200669464952682,0.08333333333333333,0.05459148575977611,0.12520344752485624,0.04784688995215311,10.0,209.0,0.02619413461984277,0.0858209725533283,exclude_tweet_overlap_duplicates_mojibake
misleading_image,742,0.5444743935309974,0.5175202156334232,0.234375,90.0,384.0,0.1947654728552633,0.27924640658562755,0.14322916666666666,55.0,0.1117209063832422,0.1818048532579544,0.4029649595687331,0.0,0.34097035040431267,0.07142857142857142,0.3333333333333333,0.27673259766097397,0.39518537565287887,0.17083333333333334,0.12849613105455987,0.2235418662402997,0.23923444976076555,50.0,209.0,0.18643440774481668,0.3014473207307159,exclude_tweet_overlap_duplicates_mojibake
misleading_joint,742,0.5404312668463612,0.5175202156334232,0.2578125,99.0,384.0,0.21661113850488992,0.30381145745592225,0.16145833333333334,62.0,0.12803869783504673,0.20158428576608878,0.42857142857142855,0.0,0.35983827493261455,0.07951482479784366,0.3625,0.30428963955626426,0.4250426884276644,0.17916666666666667,0.13582257478833457,0.23261952384083237,0.2727272727272727,57.0,209.0,0.21685683353008484,0.3368015536733609,exclude_tweet_overlap_duplicates_mojibake
misleading_text,742,0.555256064690027,0.5175202156334232,0.13541666666666666,52.0,384.0,0.10478343287218851,0.1732720879290343,0.08072916666666667,31.0,0.05745395084291603,0.11230989807849022,0.2574123989218329,0.0,0.23315363881401618,0.029649595687331536,0.24166666666666667,0.19185055360136202,0.29962230503511006,0.10833333333333334,0.07500858950999717,0.15399864777755726,0.13875598086124402,29.0,209.0,0.0983786606696406,0.19217309162215215,exclude_tweet_overlap_duplicates_mojibake
