reviewer_id,split_name,sample_id,condition,original_label_still_valid,text_readable,text_too_obvious,text_completely_invisible,critical_damage_obscured,layout_plausible,image_usable,approve,notes
,pilot,california_wildfires__917944458523566080__917944458523566080_0,clean,,,,,,,,,
,pilot,california_wildfires__917944458523566080__917944458523566080_0,benign_image,,,,,,,,,
,pilot,california_wildfires__917944458523566080__917944458523566080_0,benign_text,,,,,,,,,
,pilot,california_wildfires__917944458523566080__917944458523566080_0,benign_joint,,,,,,,,,
,pilot,california_wildfires__917944458523566080__917944458523566080_0,direct_image,,,,,,,,,
,pilot,california_wildfires__917944458523566080__917944458523566080_0,direct_text,,,,,,,,,
,pilot,california_wildfires__917944458523566080__917944458523566080_0,direct_joint,,,,,,,,,
,pilot,california_wildfires__917944458523566080__917944458523566080_0,misleading_image,,,,,,,,,
,pilot,california_wildfires__917944458523566080__917944458523566080_0,misleading_text,,,,,,,,,
,pilot,california_wildfires__917944458523566080__917944458523566080_0,misleading_joint,,,,,,,,,
,pilot,california_wildfires__918077527226118144__918077527226118144_0,clean,,,,,,,,,
,pilot,california_wildfires__918077527226118144__918077527226118144_0,benign_image,,,,,,,,,
,pilot,california_wildfires__918077527226118144__918077527226118144_0,benign_text,,,,,,,,,
,pilot,california_wildfires__918077527226118144__918077527226118144_0,benign_joint,,,,,,,,,
,pilot,california_wildfires__918077527226118144__918077527226118144_0,direct_image,,,,,,,,,
,pilot,california_wildfires__918077527226118144__918077527226118144_0,direct_text,,,,,,,,,
,pilot,california_wildfires__918077527226118144__918077527226118144_0,direct_joint,,,,,,,,,
,pilot,california_wildfires__918077527226118144__918077527226118144_0,misleading_image,,,,,,,,,
,pilot,california_wildfires__918077527226118144__918077527226118144_0,misleading_text,,,,,,,,,
,pilot,california_wildfires__918077527226118144__918077527226118144_0,misleading_joint,,,,,,,,,
,pilot,california_wildfires__918104972268535810__918104972268535810_0,clean,,,,,,,,,
,pilot,california_wildfires__918104972268535810__918104972268535810_0,benign_image,,,,,,,,,
,pilot,california_wildfires__918104972268535810__918104972268535810_0,benign_text,,,,,,,,,
,pilot,california_wildfires__918104972268535810__918104972268535810_0,benign_joint,,,,,,,,,
,pilot,california_wildfires__918104972268535810__918104972268535810_0,direct_image,,,,,,,,,
,pilot,california_wildfires__918104972268535810__918104972268535810_0,direct_text,,,,,,,,,
,pilot,california_wildfires__918104972268535810__918104972268535810_0,direct_joint,,,,,,,,,
,pilot,california_wildfires__918104972268535810__918104972268535810_0,misleading_image,,,,,,,,,
,pilot,california_wildfires__918104972268535810__918104972268535810_0,misleading_text,,,,,,,,,
,pilot,california_wildfires__918104972268535810__918104972268535810_0,misleading_joint,,,,,,,,,
,pilot,california_wildfires__919580937184260098__919580937184260098_0,clean,,,,,,,,,
,pilot,california_wildfires__919580937184260098__919580937184260098_0,benign_image,,,,,,,,,
,pilot,california_wildfires__919580937184260098__919580937184260098_0,benign_text,,,,,,,,,
,pilot,california_wildfires__919580937184260098__919580937184260098_0,benign_joint,,,,,,,,,
,pilot,california_wildfires__919580937184260098__919580937184260098_0,direct_image,,,,,,,,,
,pilot,california_wildfires__919580937184260098__919580937184260098_0,direct_text,,,,,,,,,
,pilot,california_wildfires__919580937184260098__919580937184260098_0,direct_joint,,,,,,,,,
,pilot,california_wildfires__919580937184260098__919580937184260098_0,misleading_image,,,,,,,,,
,pilot,california_wildfires__919580937184260098__919580937184260098_0,misleading_text,,,,,,,,,
,pilot,california_wildfires__919580937184260098__919580937184260098_0,misleading_joint,,,,,,,,,
,pilot,california_wildfires__919731334368694274__919731334368694274_0,clean,,,,,,,,,
,pilot,california_wildfires__919731334368694274__919731334368694274_0,benign_image,,,,,,,,,
,pilot,california_wildfires__919731334368694274__919731334368694274_0,benign_text,,,,,,,,,
,pilot,california_wildfires__919731334368694274__919731334368694274_0,benign_joint,,,,,,,,,
,pilot,california_wildfires__919731334368694274__919731334368694274_0,direct_image,,,,,,,,,
,pilot,california_wildfires__919731334368694274__919731334368694274_0,direct_text,,,,,,,,,
,pilot,california_wildfires__919731334368694274__919731334368694274_0,direct_joint,,,,,,,,,
,pilot,california_wildfires__919731334368694274__919731334368694274_0,misleading_image,,,,,,,,,
,pilot,california_wildfires__919731334368694274__919731334368694274_0,misleading_text,,,,,,,,,
,pilot,california_wildfires__919731334368694274__919731334368694274_0,misleading_joint,,,,,,,,,
,pilot,california_wildfires__920034434845360133__920034434845360133_0,clean,,,,,,,,,
,pilot,california_wildfires__920034434845360133__920034434845360133_0,benign_image,,,,,,,,,
,pilot,california_wildfires__920034434845360133__920034434845360133_0,benign_text,,,,,,,,,
,pilot,california_wildfires__920034434845360133__920034434845360133_0,benign_joint,,,,,,,,,
,pilot,california_wildfires__920034434845360133__920034434845360133_0,direct_image,,,,,,,,,
,pilot,california_wildfires__920034434845360133__920034434845360133_0,direct_text,,,,,,,,,
,pilot,california_wildfires__920034434845360133__920034434845360133_0,direct_joint,,,,,,,,,
,pilot,california_wildfires__920034434845360133__920034434845360133_0,misleading_image,,,,,,,,,
,pilot,california_wildfires__920034434845360133__920034434845360133_0,misleading_text,,,,,,,,,
,pilot,california_wildfires__920034434845360133__920034434845360133_0,misleading_joint,,,,,,,,,
,pilot,california_wildfires__920202485926637568__920202485926637568_0,clean,,,,,,,,,
,pilot,california_wildfires__920202485926637568__920202485926637568_0,benign_image,,,,,,,,,
,pilot,california_wildfires__920202485926637568__920202485926637568_0,benign_text,,,,,,,,,
,pilot,california_wildfires__920202485926637568__920202485926637568_0,benign_joint,,,,,,,,,
,pilot,california_wildfires__920202485926637568__920202485926637568_0,direct_image,,,,,,,,,
,pilot,california_wildfires__920202485926637568__920202485926637568_0,direct_text,,,,,,,,,
,pilot,california_wildfires__920202485926637568__920202485926637568_0,direct_joint,,,,,,,,,
,pilot,california_wildfires__920202485926637568__920202485926637568_0,misleading_image,,,,,,,,,
,pilot,california_wildfires__920202485926637568__920202485926637568_0,misleading_text,,,,,,,,,
,pilot,california_wildfires__920202485926637568__920202485926637568_0,misleading_joint,,,,,,,,,
,pilot,california_wildfires__920349606717792256__920349606717792256_0,clean,,,,,,,,,
,pilot,california_wildfires__920349606717792256__920349606717792256_0,benign_image,,,,,,,,,
,pilot,california_wildfires__920349606717792256__920349606717792256_0,benign_text,,,,,,,,,
,pilot,california_wildfires__920349606717792256__920349606717792256_0,benign_joint,,,,,,,,,
,pilot,california_wildfires__920349606717792256__920349606717792256_0,direct_image,,,,,,,,,
,pilot,california_wildfires__920349606717792256__920349606717792256_0,direct_text,,,,,,,,,
,pilot,california_wildfires__920349606717792256__920349606717792256_0,direct_joint,,,,,,,,,
,pilot,california_wildfires__920349606717792256__920349606717792256_0,misleading_image,,,,,,,,,
,pilot,california_wildfires__920349606717792256__920349606717792256_0,misleading_text,,,,,,,,,
,pilot,california_wildfires__920349606717792256__920349606717792256_0,misleading_joint,,,,,,,,,
,pilot,california_wildfires__920407758603735040__920407758603735040_0,clean,,,,,,,,,
,pilot,california_wildfires__920407758603735040__920407758603735040_0,benign_image,,,,,,,,,
,pilot,california_wildfires__920407758603735040__920407758603735040_0,benign_text,,,,,,,,,
,pilot,california_wildfires__920407758603735040__920407758603735040_0,benign_joint,,,,,,,,,
,pilot,california_wildfires__920407758603735040__920407758603735040_0,direct_image,,,,,,,,,
,pilot,california_wildfires__920407758603735040__920407758603735040_0,direct_text,,,,,,,,,
,pilot,california_wildfires__920407758603735040__920407758603735040_0,direct_joint,,,,,,,,,
,pilot,california_wildfires__920407758603735040__920407758603735040_0,misleading_image,,,,,,,,,
,pilot,california_wildfires__920407758603735040__920407758603735040_0,misleading_text,,,,,,,,,
,pilot,california_wildfires__920407758603735040__920407758603735040_0,misleading_joint,,,,,,,,,
,pilot,california_wildfires__920486171985166336__920486171985166336_0,clean,,,,,,,,,
,pilot,california_wildfires__920486171985166336__920486171985166336_0,benign_image,,,,,,,,,
,pilot,california_wildfires__920486171985166336__920486171985166336_0,benign_text,,,,,,,,,
,pilot,california_wildfires__920486171985166336__920486171985166336_0,benign_joint,,,,,,,,,
,pilot,california_wildfires__920486171985166336__920486171985166336_0,direct_image,,,,,,,,,
,pilot,california_wildfires__920486171985166336__920486171985166336_0,direct_text,,,,,,,,,
,pilot,california_wildfires__920486171985166336__920486171985166336_0,direct_joint,,,,,,,,,
,pilot,california_wildfires__920486171985166336__920486171985166336_0,misleading_image,,,,,,,,,
,pilot,california_wildfires__920486171985166336__920486171985166336_0,misleading_text,,,,,,,,,
,pilot,california_wildfires__920486171985166336__920486171985166336_0,misleading_joint,,,,,,,,,
,pilot,california_wildfires__920635671353667586__920635671353667586_0,clean,,,,,,,,,
,pilot,california_wildfires__920635671353667586__920635671353667586_0,benign_image,,,,,,,,,
,pilot,california_wildfires__920635671353667586__920635671353667586_0,benign_text,,,,,,,,,
,pilot,california_wildfires__920635671353667586__920635671353667586_0,benign_joint,,,,,,,,,
,pilot,california_wildfires__920635671353667586__920635671353667586_0,direct_image,,,,,,,,,
,pilot,california_wildfires__920635671353667586__920635671353667586_0,direct_text,,,,,,,,,
,pilot,california_wildfires__920635671353667586__920635671353667586_0,direct_joint,,,,,,,,,
,pilot,california_wildfires__920635671353667586__920635671353667586_0,misleading_image,,,,,,,,,
,pilot,california_wildfires__920635671353667586__920635671353667586_0,misleading_text,,,,,,,,,
,pilot,california_wildfires__920635671353667586__920635671353667586_0,misleading_joint,,,,,,,,,
,pilot,california_wildfires__920916661519007745__920916661519007745_0,clean,,,,,,,,,
,pilot,california_wildfires__920916661519007745__920916661519007745_0,benign_image,,,,,,,,,
,pilot,california_wildfires__920916661519007745__920916661519007745_0,benign_text,,,,,,,,,
,pilot,california_wildfires__920916661519007745__920916661519007745_0,benign_joint,,,,,,,,,
,pilot,california_wildfires__920916661519007745__920916661519007745_0,direct_image,,,,,,,,,
,pilot,california_wildfires__920916661519007745__920916661519007745_0,direct_text,,,,,,,,,
,pilot,california_wildfires__920916661519007745__920916661519007745_0,direct_joint,,,,,,,,,
,pilot,california_wildfires__920916661519007745__920916661519007745_0,misleading_image,,,,,,,,,
,pilot,california_wildfires__920916661519007745__920916661519007745_0,misleading_text,,,,,,,,,
,pilot,california_wildfires__920916661519007745__920916661519007745_0,misleading_joint,,,,,,,,,
,pilot,california_wildfires__921571773501640709__921571773501640709_0,clean,,,,,,,,,
,pilot,california_wildfires__921571773501640709__921571773501640709_0,benign_image,,,,,,,,,
,pilot,california_wildfires__921571773501640709__921571773501640709_0,benign_text,,,,,,,,,
,pilot,california_wildfires__921571773501640709__921571773501640709_0,benign_joint,,,,,,,,,
,pilot,california_wildfires__921571773501640709__921571773501640709_0,direct_image,,,,,,,,,
,pilot,california_wildfires__921571773501640709__921571773501640709_0,direct_text,,,,,,,,,
,pilot,california_wildfires__921571773501640709__921571773501640709_0,direct_joint,,,,,,,,,
,pilot,california_wildfires__921571773501640709__921571773501640709_0,misleading_image,,,,,,,,,
,pilot,california_wildfires__921571773501640709__921571773501640709_0,misleading_text,,,,,,,,,
,pilot,california_wildfires__921571773501640709__921571773501640709_0,misleading_joint,,,,,,,,,
,pilot,california_wildfires__923717489883693058__923717489883693058_0,clean,,,,,,,,,
,pilot,california_wildfires__923717489883693058__923717489883693058_0,benign_image,,,,,,,,,
,pilot,california_wildfires__923717489883693058__923717489883693058_0,benign_text,,,,,,,,,
,pilot,california_wildfires__923717489883693058__923717489883693058_0,benign_joint,,,,,,,,,
,pilot,california_wildfires__923717489883693058__923717489883693058_0,direct_image,,,,,,,,,
,pilot,california_wildfires__923717489883693058__923717489883693058_0,direct_text,,,,,,,,,
,pilot,california_wildfires__923717489883693058__923717489883693058_0,direct_joint,,,,,,,,,
,pilot,california_wildfires__923717489883693058__923717489883693058_0,misleading_image,,,,,,,,,
,pilot,california_wildfires__923717489883693058__923717489883693058_0,misleading_text,,,,,,,,,
,pilot,california_wildfires__923717489883693058__923717489883693058_0,misleading_joint,,,,,,,,,
,pilot,hurricane_harvey__901646496713584640__901646496713584640_0,clean,,,,,,,,,
,pilot,hurricane_harvey__901646496713584640__901646496713584640_0,benign_image,,,,,,,,,
,pilot,hurricane_harvey__901646496713584640__901646496713584640_0,benign_text,,,,,,,,,
,pilot,hurricane_harvey__901646496713584640__901646496713584640_0,benign_joint,,,,,,,,,
,pilot,hurricane_harvey__901646496713584640__901646496713584640_0,direct_image,,,,,,,,,
,pilot,hurricane_harvey__901646496713584640__901646496713584640_0,direct_text,,,,,,,,,
,pilot,hurricane_harvey__901646496713584640__901646496713584640_0,direct_joint,,,,,,,,,
,pilot,hurricane_harvey__901646496713584640__901646496713584640_0,misleading_image,,,,,,,,,
,pilot,hurricane_harvey__901646496713584640__901646496713584640_0,misleading_text,,,,,,,,,
,pilot,hurricane_harvey__901646496713584640__901646496713584640_0,misleading_joint,,,,,,,,,
,pilot,hurricane_harvey__901792272882294786__901792272882294786_0,clean,,,,,,,,,
,pilot,hurricane_harvey__901792272882294786__901792272882294786_0,benign_image,,,,,,,,,
,pilot,hurricane_harvey__901792272882294786__901792272882294786_0,benign_text,,,,,,,,,
,pilot,hurricane_harvey__901792272882294786__901792272882294786_0,benign_joint,,,,,,,,,
,pilot,hurricane_harvey__901792272882294786__901792272882294786_0,direct_image,,,,,,,,,
,pilot,hurricane_harvey__901792272882294786__901792272882294786_0,direct_text,,,,,,,,,
,pilot,hurricane_harvey__901792272882294786__901792272882294786_0,direct_joint,,,,,,,,,
,pilot,hurricane_harvey__901792272882294786__901792272882294786_0,misleading_image,,,,,,,,,
,pilot,hurricane_harvey__901792272882294786__901792272882294786_0,misleading_text,,,,,,,,,
,pilot,hurricane_harvey__901792272882294786__901792272882294786_0,misleading_joint,,,,,,,,,
,pilot,hurricane_harvey__901796238756114433__901796238756114433_0,clean,,,,,,,,,
,pilot,hurricane_harvey__901796238756114433__901796238756114433_0,benign_image,,,,,,,,,
,pilot,hurricane_harvey__901796238756114433__901796238756114433_0,benign_text,,,,,,,,,
,pilot,hurricane_harvey__901796238756114433__901796238756114433_0,benign_joint,,,,,,,,,
,pilot,hurricane_harvey__901796238756114433__901796238756114433_0,direct_image,,,,,,,,,
,pilot,hurricane_harvey__901796238756114433__901796238756114433_0,direct_text,,,,,,,,,
,pilot,hurricane_harvey__901796238756114433__901796238756114433_0,direct_joint,,,,,,,,,
,pilot,hurricane_harvey__901796238756114433__901796238756114433_0,misleading_image,,,,,,,,,
,pilot,hurricane_harvey__901796238756114433__901796238756114433_0,misleading_text,,,,,,,,,
,pilot,hurricane_harvey__901796238756114433__901796238756114433_0,misleading_joint,,,,,,,,,
,pilot,hurricane_harvey__901822598765522945__901822598765522945_0,clean,,,,,,,,,
,pilot,hurricane_harvey__901822598765522945__901822598765522945_0,benign_image,,,,,,,,,
,pilot,hurricane_harvey__901822598765522945__901822598765522945_0,benign_text,,,,,,,,,
,pilot,hurricane_harvey__901822598765522945__901822598765522945_0,benign_joint,,,,,,,,,
,pilot,hurricane_harvey__901822598765522945__901822598765522945_0,direct_image,,,,,,,,,
,pilot,hurricane_harvey__901822598765522945__901822598765522945_0,direct_text,,,,,,,,,
,pilot,hurricane_harvey__901822598765522945__901822598765522945_0,direct_joint,,,,,,,,,
,pilot,hurricane_harvey__901822598765522945__901822598765522945_0,misleading_image,,,,,,,,,
,pilot,hurricane_harvey__901822598765522945__901822598765522945_0,misleading_text,,,,,,,,,
,pilot,hurricane_harvey__901822598765522945__901822598765522945_0,misleading_joint,,,,,,,,,
,pilot,hurricane_harvey__904623462077140993__904623462077140993_0,clean,,,,,,,,,
,pilot,hurricane_harvey__904623462077140993__904623462077140993_0,benign_image,,,,,,,,,
,pilot,hurricane_harvey__904623462077140993__904623462077140993_0,benign_text,,,,,,,,,
,pilot,hurricane_harvey__904623462077140993__904623462077140993_0,benign_joint,,,,,,,,,
,pilot,hurricane_harvey__904623462077140993__904623462077140993_0,direct_image,,,,,,,,,
,pilot,hurricane_harvey__904623462077140993__904623462077140993_0,direct_text,,,,,,,,,
,pilot,hurricane_harvey__904623462077140993__904623462077140993_0,direct_joint,,,,,,,,,
,pilot,hurricane_harvey__904623462077140993__904623462077140993_0,misleading_image,,,,,,,,,
,pilot,hurricane_harvey__904623462077140993__904623462077140993_0,misleading_text,,,,,,,,,
,pilot,hurricane_harvey__904623462077140993__904623462077140993_0,misleading_joint,,,,,,,,,
,pilot,hurricane_harvey__904669405585457152__904669405585457152_0,clean,,,,,,,,,
,pilot,hurricane_harvey__904669405585457152__904669405585457152_0,benign_image,,,,,,,,,
,pilot,hurricane_harvey__904669405585457152__904669405585457152_0,benign_text,,,,,,,,,
,pilot,hurricane_harvey__904669405585457152__904669405585457152_0,benign_joint,,,,,,,,,
,pilot,hurricane_harvey__904669405585457152__904669405585457152_0,direct_image,,,,,,,,,
,pilot,hurricane_harvey__904669405585457152__904669405585457152_0,direct_text,,,,,,,,,
,pilot,hurricane_harvey__904669405585457152__904669405585457152_0,direct_joint,,,,,,,,,
,pilot,hurricane_harvey__904669405585457152__904669405585457152_0,misleading_image,,,,,,,,,
,pilot,hurricane_harvey__904669405585457152__904669405585457152_0,misleading_text,,,,,,,,,
,pilot,hurricane_harvey__904669405585457152__904669405585457152_0,misleading_joint,,,,,,,,,
,pilot,hurricane_harvey__904826427291271168__904826427291271168_0,clean,,,,,,,,,
,pilot,hurricane_harvey__904826427291271168__904826427291271168_0,benign_image,,,,,,,,,
,pilot,hurricane_harvey__904826427291271168__904826427291271168_0,benign_text,,,,,,,,,
,pilot,hurricane_harvey__904826427291271168__904826427291271168_0,benign_joint,,,,,,,,,
,pilot,hurricane_harvey__904826427291271168__904826427291271168_0,direct_image,,,,,,,,,
,pilot,hurricane_harvey__904826427291271168__904826427291271168_0,direct_text,,,,,,,,,
,pilot,hurricane_harvey__904826427291271168__904826427291271168_0,direct_joint,,,,,,,,,
,pilot,hurricane_harvey__904826427291271168__904826427291271168_0,misleading_image,,,,,,,,,
,pilot,hurricane_harvey__904826427291271168__904826427291271168_0,misleading_text,,,,,,,,,
,pilot,hurricane_harvey__904826427291271168__904826427291271168_0,misleading_joint,,,,,,,,,
,pilot,hurricane_harvey__904919183762219008__904919183762219008_0,clean,,,,,,,,,
,pilot,hurricane_harvey__904919183762219008__904919183762219008_0,benign_image,,,,,,,,,
,pilot,hurricane_harvey__904919183762219008__904919183762219008_0,benign_text,,,,,,,,,
,pilot,hurricane_harvey__904919183762219008__904919183762219008_0,benign_joint,,,,,,,,,
,pilot,hurricane_harvey__904919183762219008__904919183762219008_0,direct_image,,,,,,,,,
,pilot,hurricane_harvey__904919183762219008__904919183762219008_0,direct_text,,,,,,,,,
,pilot,hurricane_harvey__904919183762219008__904919183762219008_0,direct_joint,,,,,,,,,
,pilot,hurricane_harvey__904919183762219008__904919183762219008_0,misleading_image,,,,,,,,,
,pilot,hurricane_harvey__904919183762219008__904919183762219008_0,misleading_text,,,,,,,,,
,pilot,hurricane_harvey__904919183762219008__904919183762219008_0,misleading_joint,,,,,,,,,
,pilot,hurricane_harvey__905188876968501249__905188876968501249_0,clean,,,,,,,,,
,pilot,hurricane_harvey__905188876968501249__905188876968501249_0,benign_image,,,,,,,,,
,pilot,hurricane_harvey__905188876968501249__905188876968501249_0,benign_text,,,,,,,,,
,pilot,hurricane_harvey__905188876968501249__905188876968501249_0,benign_joint,,,,,,,,,
,pilot,hurricane_harvey__905188876968501249__905188876968501249_0,direct_image,,,,,,,,,
,pilot,hurricane_harvey__905188876968501249__905188876968501249_0,direct_text,,,,,,,,,
,pilot,hurricane_harvey__905188876968501249__905188876968501249_0,direct_joint,,,,,,,,,
,pilot,hurricane_harvey__905188876968501249__905188876968501249_0,misleading_image,,,,,,,,,
,pilot,hurricane_harvey__905188876968501249__905188876968501249_0,misleading_text,,,,,,,,,
,pilot,hurricane_harvey__905188876968501249__905188876968501249_0,misleading_joint,,,,,,,,,
,pilot,hurricane_harvey__906199066966667264__906199066966667264_0,clean,,,,,,,,,
,pilot,hurricane_harvey__906199066966667264__906199066966667264_0,benign_image,,,,,,,,,
,pilot,hurricane_harvey__906199066966667264__906199066966667264_0,benign_text,,,,,,,,,
,pilot,hurricane_harvey__906199066966667264__906199066966667264_0,benign_joint,,,,,,,,,
,pilot,hurricane_harvey__906199066966667264__906199066966667264_0,direct_image,,,,,,,,,
,pilot,hurricane_harvey__906199066966667264__906199066966667264_0,direct_text,,,,,,,,,
,pilot,hurricane_harvey__906199066966667264__906199066966667264_0,direct_joint,,,,,,,,,
,pilot,hurricane_harvey__906199066966667264__906199066966667264_0,misleading_image,,,,,,,,,
,pilot,hurricane_harvey__906199066966667264__906199066966667264_0,misleading_text,,,,,,,,,
,pilot,hurricane_harvey__906199066966667264__906199066966667264_0,misleading_joint,,,,,,,,,
,pilot,hurricane_harvey__906713368563556353__906713368563556353_0,clean,,,,,,,,,
,pilot,hurricane_harvey__906713368563556353__906713368563556353_0,benign_image,,,,,,,,,
,pilot,hurricane_harvey__906713368563556353__906713368563556353_0,benign_text,,,,,,,,,
,pilot,hurricane_harvey__906713368563556353__906713368563556353_0,benign_joint,,,,,,,,,
,pilot,hurricane_harvey__906713368563556353__906713368563556353_0,direct_image,,,,,,,,,
,pilot,hurricane_harvey__906713368563556353__906713368563556353_0,direct_text,,,,,,,,,
,pilot,hurricane_harvey__906713368563556353__906713368563556353_0,direct_joint,,,,,,,,,
,pilot,hurricane_harvey__906713368563556353__906713368563556353_0,misleading_image,,,,,,,,,
,pilot,hurricane_harvey__906713368563556353__906713368563556353_0,misleading_text,,,,,,,,,
,pilot,hurricane_harvey__906713368563556353__906713368563556353_0,misleading_joint,,,,,,,,,
,pilot,hurricane_harvey__906851261881962497__906851261881962497_0,clean,,,,,,,,,
,pilot,hurricane_harvey__906851261881962497__906851261881962497_0,benign_image,,,,,,,,,
,pilot,hurricane_harvey__906851261881962497__906851261881962497_0,benign_text,,,,,,,,,
,pilot,hurricane_harvey__906851261881962497__906851261881962497_0,benign_joint,,,,,,,,,
,pilot,hurricane_harvey__906851261881962497__906851261881962497_0,direct_image,,,,,,,,,
,pilot,hurricane_harvey__906851261881962497__906851261881962497_0,direct_text,,,,,,,,,
,pilot,hurricane_harvey__906851261881962497__906851261881962497_0,direct_joint,,,,,,,,,
,pilot,hurricane_harvey__906851261881962497__906851261881962497_0,misleading_image,,,,,,,,,
,pilot,hurricane_harvey__906851261881962497__906851261881962497_0,misleading_text,,,,,,,,,
,pilot,hurricane_harvey__906851261881962497__906851261881962497_0,misleading_joint,,,,,,,,,
,pilot,hurricane_harvey__907190244579188736__907190244579188736_0,clean,,,,,,,,,
,pilot,hurricane_harvey__907190244579188736__907190244579188736_0,benign_image,,,,,,,,,
,pilot,hurricane_harvey__907190244579188736__907190244579188736_0,benign_text,,,,,,,,,
,pilot,hurricane_harvey__907190244579188736__907190244579188736_0,benign_joint,,,,,,,,,
,pilot,hurricane_harvey__907190244579188736__907190244579188736_0,direct_image,,,,,,,,,
,pilot,hurricane_harvey__907190244579188736__907190244579188736_0,direct_text,,,,,,,,,
,pilot,hurricane_harvey__907190244579188736__907190244579188736_0,direct_joint,,,,,,,,,
,pilot,hurricane_harvey__907190244579188736__907190244579188736_0,misleading_image,,,,,,,,,
,pilot,hurricane_harvey__907190244579188736__907190244579188736_0,misleading_text,,,,,,,,,
,pilot,hurricane_harvey__907190244579188736__907190244579188736_0,misleading_joint,,,,,,,,,
,pilot,hurricane_harvey__908073044341673986__908073044341673986_0,clean,,,,,,,,,
,pilot,hurricane_harvey__908073044341673986__908073044341673986_0,benign_image,,,,,,,,,
,pilot,hurricane_harvey__908073044341673986__908073044341673986_0,benign_text,,,,,,,,,
,pilot,hurricane_harvey__908073044341673986__908073044341673986_0,benign_joint,,,,,,,,,
,pilot,hurricane_harvey__908073044341673986__908073044341673986_0,direct_image,,,,,,,,,
,pilot,hurricane_harvey__908073044341673986__908073044341673986_0,direct_text,,,,,,,,,
,pilot,hurricane_harvey__908073044341673986__908073044341673986_0,direct_joint,,,,,,,,,
,pilot,hurricane_harvey__908073044341673986__908073044341673986_0,misleading_image,,,,,,,,,
,pilot,hurricane_harvey__908073044341673986__908073044341673986_0,misleading_text,,,,,,,,,
,pilot,hurricane_harvey__908073044341673986__908073044341673986_0,misleading_joint,,,,,,,,,
,pilot,hurricane_harvey__908510389981368321__908510389981368321_0,clean,,,,,,,,,
,pilot,hurricane_harvey__908510389981368321__908510389981368321_0,benign_image,,,,,,,,,
,pilot,hurricane_harvey__908510389981368321__908510389981368321_0,benign_text,,,,,,,,,
,pilot,hurricane_harvey__908510389981368321__908510389981368321_0,benign_joint,,,,,,,,,
,pilot,hurricane_harvey__908510389981368321__908510389981368321_0,direct_image,,,,,,,,,
,pilot,hurricane_harvey__908510389981368321__908510389981368321_0,direct_text,,,,,,,,,
,pilot,hurricane_harvey__908510389981368321__908510389981368321_0,direct_joint,,,,,,,,,
,pilot,hurricane_harvey__908510389981368321__908510389981368321_0,misleading_image,,,,,,,,,
,pilot,hurricane_harvey__908510389981368321__908510389981368321_0,misleading_text,,,,,,,,,
,pilot,hurricane_harvey__908510389981368321__908510389981368321_0,misleading_joint,,,,,,,,,
,pilot,hurricane_harvey__908701985809068034__908701985809068034_0,clean,,,,,,,,,
,pilot,hurricane_harvey__908701985809068034__908701985809068034_0,benign_image,,,,,,,,,
,pilot,hurricane_harvey__908701985809068034__908701985809068034_0,benign_text,,,,,,,,,
,pilot,hurricane_harvey__908701985809068034__908701985809068034_0,benign_joint,,,,,,,,,
,pilot,hurricane_harvey__908701985809068034__908701985809068034_0,direct_image,,,,,,,,,
,pilot,hurricane_harvey__908701985809068034__908701985809068034_0,direct_text,,,,,,,,,
,pilot,hurricane_harvey__908701985809068034__908701985809068034_0,direct_joint,,,,,,,,,
,pilot,hurricane_harvey__908701985809068034__908701985809068034_0,misleading_image,,,,,,,,,
,pilot,hurricane_harvey__908701985809068034__908701985809068034_0,misleading_text,,,,,,,,,
,pilot,hurricane_harvey__908701985809068034__908701985809068034_0,misleading_joint,,,,,,,,,
,pilot,hurricane_harvey__908705573570478080__908705573570478080_0,clean,,,,,,,,,
,pilot,hurricane_harvey__908705573570478080__908705573570478080_0,benign_image,,,,,,,,,
,pilot,hurricane_harvey__908705573570478080__908705573570478080_0,benign_text,,,,,,,,,
,pilot,hurricane_harvey__908705573570478080__908705573570478080_0,benign_joint,,,,,,,,,
,pilot,hurricane_harvey__908705573570478080__908705573570478080_0,direct_image,,,,,,,,,
,pilot,hurricane_harvey__908705573570478080__908705573570478080_0,direct_text,,,,,,,,,
,pilot,hurricane_harvey__908705573570478080__908705573570478080_0,direct_joint,,,,,,,,,
,pilot,hurricane_harvey__908705573570478080__908705573570478080_0,misleading_image,,,,,,,,,
,pilot,hurricane_harvey__908705573570478080__908705573570478080_0,misleading_text,,,,,,,,,
,pilot,hurricane_harvey__908705573570478080__908705573570478080_0,misleading_joint,,,,,,,,,
,pilot,hurricane_irma__905658056465199105__905658056465199105_0,clean,,,,,,,,,
,pilot,hurricane_irma__905658056465199105__905658056465199105_0,benign_image,,,,,,,,,
,pilot,hurricane_irma__905658056465199105__905658056465199105_0,benign_text,,,,,,,,,
,pilot,hurricane_irma__905658056465199105__905658056465199105_0,benign_joint,,,,,,,,,
,pilot,hurricane_irma__905658056465199105__905658056465199105_0,direct_image,,,,,,,,,
,pilot,hurricane_irma__905658056465199105__905658056465199105_0,direct_text,,,,,,,,,
,pilot,hurricane_irma__905658056465199105__905658056465199105_0,direct_joint,,,,,,,,,
,pilot,hurricane_irma__905658056465199105__905658056465199105_0,misleading_image,,,,,,,,,
,pilot,hurricane_irma__905658056465199105__905658056465199105_0,misleading_text,,,,,,,,,
,pilot,hurricane_irma__905658056465199105__905658056465199105_0,misleading_joint,,,,,,,,,
,pilot,hurricane_irma__905670102833446912__905670102833446912_0,clean,,,,,,,,,
,pilot,hurricane_irma__905670102833446912__905670102833446912_0,benign_image,,,,,,,,,
,pilot,hurricane_irma__905670102833446912__905670102833446912_0,benign_text,,,,,,,,,
,pilot,hurricane_irma__905670102833446912__905670102833446912_0,benign_joint,,,,,,,,,
,pilot,hurricane_irma__905670102833446912__905670102833446912_0,direct_image,,,,,,,,,
,pilot,hurricane_irma__905670102833446912__905670102833446912_0,direct_text,,,,,,,,,
,pilot,hurricane_irma__905670102833446912__905670102833446912_0,direct_joint,,,,,,,,,
,pilot,hurricane_irma__905670102833446912__905670102833446912_0,misleading_image,,,,,,,,,
,pilot,hurricane_irma__905670102833446912__905670102833446912_0,misleading_text,,,,,,,,,
,pilot,hurricane_irma__905670102833446912__905670102833446912_0,misleading_joint,,,,,,,,,
,pilot,hurricane_irma__905715102258569216__905715102258569216_0,clean,,,,,,,,,
,pilot,hurricane_irma__905715102258569216__905715102258569216_0,benign_image,,,,,,,,,
,pilot,hurricane_irma__905715102258569216__905715102258569216_0,benign_text,,,,,,,,,
,pilot,hurricane_irma__905715102258569216__905715102258569216_0,benign_joint,,,,,,,,,
,pilot,hurricane_irma__905715102258569216__905715102258569216_0,direct_image,,,,,,,,,
,pilot,hurricane_irma__905715102258569216__905715102258569216_0,direct_text,,,,,,,,,
,pilot,hurricane_irma__905715102258569216__905715102258569216_0,direct_joint,,,,,,,,,
,pilot,hurricane_irma__905715102258569216__905715102258569216_0,misleading_image,,,,,,,,,
,pilot,hurricane_irma__905715102258569216__905715102258569216_0,misleading_text,,,,,,,,,
,pilot,hurricane_irma__905715102258569216__905715102258569216_0,misleading_joint,,,,,,,,,
,pilot,hurricane_irma__909381728061464577__909381728061464577_0,clean,,,,,,,,,
,pilot,hurricane_irma__909381728061464577__909381728061464577_0,benign_image,,,,,,,,,
,pilot,hurricane_irma__909381728061464577__909381728061464577_0,benign_text,,,,,,,,,
,pilot,hurricane_irma__909381728061464577__909381728061464577_0,benign_joint,,,,,,,,,
,pilot,hurricane_irma__909381728061464577__909381728061464577_0,direct_image,,,,,,,,,
,pilot,hurricane_irma__909381728061464577__909381728061464577_0,direct_text,,,,,,,,,
,pilot,hurricane_irma__909381728061464577__909381728061464577_0,direct_joint,,,,,,,,,
,pilot,hurricane_irma__909381728061464577__909381728061464577_0,misleading_image,,,,,,,,,
,pilot,hurricane_irma__909381728061464577__909381728061464577_0,misleading_text,,,,,,,,,
,pilot,hurricane_irma__909381728061464577__909381728061464577_0,misleading_joint,,,,,,,,,
,pilot,hurricane_irma__909412901626236929__909412901626236929_0,clean,,,,,,,,,
,pilot,hurricane_irma__909412901626236929__909412901626236929_0,benign_image,,,,,,,,,
,pilot,hurricane_irma__909412901626236929__909412901626236929_0,benign_text,,,,,,,,,
,pilot,hurricane_irma__909412901626236929__909412901626236929_0,benign_joint,,,,,,,,,
,pilot,hurricane_irma__909412901626236929__909412901626236929_0,direct_image,,,,,,,,,
,pilot,hurricane_irma__909412901626236929__909412901626236929_0,direct_text,,,,,,,,,
,pilot,hurricane_irma__909412901626236929__909412901626236929_0,direct_joint,,,,,,,,,
,pilot,hurricane_irma__909412901626236929__909412901626236929_0,misleading_image,,,,,,,,,
,pilot,hurricane_irma__909412901626236929__909412901626236929_0,misleading_text,,,,,,,,,
,pilot,hurricane_irma__909412901626236929__909412901626236929_0,misleading_joint,,,,,,,,,
,pilot,hurricane_irma__909415467655335936__909415467655335936_0,clean,,,,,,,,,
,pilot,hurricane_irma__909415467655335936__909415467655335936_0,benign_image,,,,,,,,,
,pilot,hurricane_irma__909415467655335936__909415467655335936_0,benign_text,,,,,,,,,
,pilot,hurricane_irma__909415467655335936__909415467655335936_0,benign_joint,,,,,,,,,
,pilot,hurricane_irma__909415467655335936__909415467655335936_0,direct_image,,,,,,,,,
,pilot,hurricane_irma__909415467655335936__909415467655335936_0,direct_text,,,,,,,,,
,pilot,hurricane_irma__909415467655335936__909415467655335936_0,direct_joint,,,,,,,,,
,pilot,hurricane_irma__909415467655335936__909415467655335936_0,misleading_image,,,,,,,,,
,pilot,hurricane_irma__909415467655335936__909415467655335936_0,misleading_text,,,,,,,,,
,pilot,hurricane_irma__909415467655335936__909415467655335936_0,misleading_joint,,,,,,,,,
,pilot,hurricane_irma__909431758822739969__909431758822739969_0,clean,,,,,,,,,
,pilot,hurricane_irma__909431758822739969__909431758822739969_0,benign_image,,,,,,,,,
,pilot,hurricane_irma__909431758822739969__909431758822739969_0,benign_text,,,,,,,,,
,pilot,hurricane_irma__909431758822739969__909431758822739969_0,benign_joint,,,,,,,,,
,pilot,hurricane_irma__909431758822739969__909431758822739969_0,direct_image,,,,,,,,,
,pilot,hurricane_irma__909431758822739969__909431758822739969_0,direct_text,,,,,,,,,
,pilot,hurricane_irma__909431758822739969__909431758822739969_0,direct_joint,,,,,,,,,
,pilot,hurricane_irma__909431758822739969__909431758822739969_0,misleading_image,,,,,,,,,
,pilot,hurricane_irma__909431758822739969__909431758822739969_0,misleading_text,,,,,,,,,
,pilot,hurricane_irma__909431758822739969__909431758822739969_0,misleading_joint,,,,,,,,,
,pilot,hurricane_irma__909484405214908419__909484405214908419_0,clean,,,,,,,,,
,pilot,hurricane_irma__909484405214908419__909484405214908419_0,benign_image,,,,,,,,,
,pilot,hurricane_irma__909484405214908419__909484405214908419_0,benign_text,,,,,,,,,
,pilot,hurricane_irma__909484405214908419__909484405214908419_0,benign_joint,,,,,,,,,
,pilot,hurricane_irma__909484405214908419__909484405214908419_0,direct_image,,,,,,,,,
,pilot,hurricane_irma__909484405214908419__909484405214908419_0,direct_text,,,,,,,,,
,pilot,hurricane_irma__909484405214908419__909484405214908419_0,direct_joint,,,,,,,,,
,pilot,hurricane_irma__909484405214908419__909484405214908419_0,misleading_image,,,,,,,,,
,pilot,hurricane_irma__909484405214908419__909484405214908419_0,misleading_text,,,,,,,,,
,pilot,hurricane_irma__909484405214908419__909484405214908419_0,misleading_joint,,,,,,,,,
,pilot,hurricane_irma__909492529854377984__909492529854377984_0,clean,,,,,,,,,
,pilot,hurricane_irma__909492529854377984__909492529854377984_0,benign_image,,,,,,,,,
,pilot,hurricane_irma__909492529854377984__909492529854377984_0,benign_text,,,,,,,,,
,pilot,hurricane_irma__909492529854377984__909492529854377984_0,benign_joint,,,,,,,,,
,pilot,hurricane_irma__909492529854377984__909492529854377984_0,direct_image,,,,,,,,,
,pilot,hurricane_irma__909492529854377984__909492529854377984_0,direct_text,,,,,,,,,
,pilot,hurricane_irma__909492529854377984__909492529854377984_0,direct_joint,,,,,,,,,
,pilot,hurricane_irma__909492529854377984__909492529854377984_0,misleading_image,,,,,,,,,
,pilot,hurricane_irma__909492529854377984__909492529854377984_0,misleading_text,,,,,,,,,
,pilot,hurricane_irma__909492529854377984__909492529854377984_0,misleading_joint,,,,,,,,,
,pilot,hurricane_irma__909717040205828097__909717040205828097_0,clean,,,,,,,,,
,pilot,hurricane_irma__909717040205828097__909717040205828097_0,benign_image,,,,,,,,,
,pilot,hurricane_irma__909717040205828097__909717040205828097_0,benign_text,,,,,,,,,
,pilot,hurricane_irma__909717040205828097__909717040205828097_0,benign_joint,,,,,,,,,
,pilot,hurricane_irma__909717040205828097__909717040205828097_0,direct_image,,,,,,,,,
,pilot,hurricane_irma__909717040205828097__909717040205828097_0,direct_text,,,,,,,,,
,pilot,hurricane_irma__909717040205828097__909717040205828097_0,direct_joint,,,,,,,,,
,pilot,hurricane_irma__909717040205828097__909717040205828097_0,misleading_image,,,,,,,,,
,pilot,hurricane_irma__909717040205828097__909717040205828097_0,misleading_text,,,,,,,,,
,pilot,hurricane_irma__909717040205828097__909717040205828097_0,misleading_joint,,,,,,,,,
,pilot,hurricane_irma__909739206293049344__909739206293049344_0,clean,,,,,,,,,
,pilot,hurricane_irma__909739206293049344__909739206293049344_0,benign_image,,,,,,,,,
,pilot,hurricane_irma__909739206293049344__909739206293049344_0,benign_text,,,,,,,,,
,pilot,hurricane_irma__909739206293049344__909739206293049344_0,benign_joint,,,,,,,,,
,pilot,hurricane_irma__909739206293049344__909739206293049344_0,direct_image,,,,,,,,,
,pilot,hurricane_irma__909739206293049344__909739206293049344_0,direct_text,,,,,,,,,
,pilot,hurricane_irma__909739206293049344__909739206293049344_0,direct_joint,,,,,,,,,
,pilot,hurricane_irma__909739206293049344__909739206293049344_0,misleading_image,,,,,,,,,
,pilot,hurricane_irma__909739206293049344__909739206293049344_0,misleading_text,,,,,,,,,
,pilot,hurricane_irma__909739206293049344__909739206293049344_0,misleading_joint,,,,,,,,,
,pilot,hurricane_irma__909796226169819140__909796226169819140_1,clean,,,,,,,,,
,pilot,hurricane_irma__909796226169819140__909796226169819140_1,benign_image,,,,,,,,,
,pilot,hurricane_irma__909796226169819140__909796226169819140_1,benign_text,,,,,,,,,
,pilot,hurricane_irma__909796226169819140__909796226169819140_1,benign_joint,,,,,,,,,
,pilot,hurricane_irma__909796226169819140__909796226169819140_1,direct_image,,,,,,,,,
,pilot,hurricane_irma__909796226169819140__909796226169819140_1,direct_text,,,,,,,,,
,pilot,hurricane_irma__909796226169819140__909796226169819140_1,direct_joint,,,,,,,,,
,pilot,hurricane_irma__909796226169819140__909796226169819140_1,misleading_image,,,,,,,,,
,pilot,hurricane_irma__909796226169819140__909796226169819140_1,misleading_text,,,,,,,,,
,pilot,hurricane_irma__909796226169819140__909796226169819140_1,misleading_joint,,,,,,,,,
,pilot,hurricane_irma__909839453010702338__909839453010702338_0,clean,,,,,,,,,
,pilot,hurricane_irma__909839453010702338__909839453010702338_0,benign_image,,,,,,,,,
,pilot,hurricane_irma__909839453010702338__909839453010702338_0,benign_text,,,,,,,,,
,pilot,hurricane_irma__909839453010702338__909839453010702338_0,benign_joint,,,,,,,,,
,pilot,hurricane_irma__909839453010702338__909839453010702338_0,direct_image,,,,,,,,,
,pilot,hurricane_irma__909839453010702338__909839453010702338_0,direct_text,,,,,,,,,
,pilot,hurricane_irma__909839453010702338__909839453010702338_0,direct_joint,,,,,,,,,
,pilot,hurricane_irma__909839453010702338__909839453010702338_0,misleading_image,,,,,,,,,
,pilot,hurricane_irma__909839453010702338__909839453010702338_0,misleading_text,,,,,,,,,
,pilot,hurricane_irma__909839453010702338__909839453010702338_0,misleading_joint,,,,,,,,,
,pilot,hurricane_irma__909843612309102592__909843612309102592_0,clean,,,,,,,,,
,pilot,hurricane_irma__909843612309102592__909843612309102592_0,benign_image,,,,,,,,,
,pilot,hurricane_irma__909843612309102592__909843612309102592_0,benign_text,,,,,,,,,
,pilot,hurricane_irma__909843612309102592__909843612309102592_0,benign_joint,,,,,,,,,
,pilot,hurricane_irma__909843612309102592__909843612309102592_0,direct_image,,,,,,,,,
,pilot,hurricane_irma__909843612309102592__909843612309102592_0,direct_text,,,,,,,,,
,pilot,hurricane_irma__909843612309102592__909843612309102592_0,direct_joint,,,,,,,,,
,pilot,hurricane_irma__909843612309102592__909843612309102592_0,misleading_image,,,,,,,,,
,pilot,hurricane_irma__909843612309102592__909843612309102592_0,misleading_text,,,,,,,,,
,pilot,hurricane_irma__909843612309102592__909843612309102592_0,misleading_joint,,,,,,,,,
,pilot,hurricane_irma__909900385581764608__909900385581764608_0,clean,,,,,,,,,
,pilot,hurricane_irma__909900385581764608__909900385581764608_0,benign_image,,,,,,,,,
,pilot,hurricane_irma__909900385581764608__909900385581764608_0,benign_text,,,,,,,,,
,pilot,hurricane_irma__909900385581764608__909900385581764608_0,benign_joint,,,,,,,,,
,pilot,hurricane_irma__909900385581764608__909900385581764608_0,direct_image,,,,,,,,,
,pilot,hurricane_irma__909900385581764608__909900385581764608_0,direct_text,,,,,,,,,
,pilot,hurricane_irma__909900385581764608__909900385581764608_0,direct_joint,,,,,,,,,
,pilot,hurricane_irma__909900385581764608__909900385581764608_0,misleading_image,,,,,,,,,
,pilot,hurricane_irma__909900385581764608__909900385581764608_0,misleading_text,,,,,,,,,
,pilot,hurricane_irma__909900385581764608__909900385581764608_0,misleading_joint,,,,,,,,,
,pilot,hurricane_irma__909902707028316161__909902707028316161_0,clean,,,,,,,,,
,pilot,hurricane_irma__909902707028316161__909902707028316161_0,benign_image,,,,,,,,,
,pilot,hurricane_irma__909902707028316161__909902707028316161_0,benign_text,,,,,,,,,
,pilot,hurricane_irma__909902707028316161__909902707028316161_0,benign_joint,,,,,,,,,
,pilot,hurricane_irma__909902707028316161__909902707028316161_0,direct_image,,,,,,,,,
,pilot,hurricane_irma__909902707028316161__909902707028316161_0,direct_text,,,,,,,,,
,pilot,hurricane_irma__909902707028316161__909902707028316161_0,direct_joint,,,,,,,,,
,pilot,hurricane_irma__909902707028316161__909902707028316161_0,misleading_image,,,,,,,,,
,pilot,hurricane_irma__909902707028316161__909902707028316161_0,misleading_text,,,,,,,,,
,pilot,hurricane_irma__909902707028316161__909902707028316161_0,misleading_joint,,,,,,,,,
,pilot,hurricane_irma__910177644444110848__910177644444110848_1,clean,,,,,,,,,
,pilot,hurricane_irma__910177644444110848__910177644444110848_1,benign_image,,,,,,,,,
,pilot,hurricane_irma__910177644444110848__910177644444110848_1,benign_text,,,,,,,,,
,pilot,hurricane_irma__910177644444110848__910177644444110848_1,benign_joint,,,,,,,,,
,pilot,hurricane_irma__910177644444110848__910177644444110848_1,direct_image,,,,,,,,,
,pilot,hurricane_irma__910177644444110848__910177644444110848_1,direct_text,,,,,,,,,
,pilot,hurricane_irma__910177644444110848__910177644444110848_1,direct_joint,,,,,,,,,
,pilot,hurricane_irma__910177644444110848__910177644444110848_1,misleading_image,,,,,,,,,
,pilot,hurricane_irma__910177644444110848__910177644444110848_1,misleading_text,,,,,,,,,
,pilot,hurricane_irma__910177644444110848__910177644444110848_1,misleading_joint,,,,,,,,,
,pilot,hurricane_irma__910222023263084544__910222023263084544_0,clean,,,,,,,,,
,pilot,hurricane_irma__910222023263084544__910222023263084544_0,benign_image,,,,,,,,,
,pilot,hurricane_irma__910222023263084544__910222023263084544_0,benign_text,,,,,,,,,
,pilot,hurricane_irma__910222023263084544__910222023263084544_0,benign_joint,,,,,,,,,
,pilot,hurricane_irma__910222023263084544__910222023263084544_0,direct_image,,,,,,,,,
,pilot,hurricane_irma__910222023263084544__910222023263084544_0,direct_text,,,,,,,,,
,pilot,hurricane_irma__910222023263084544__910222023263084544_0,direct_joint,,,,,,,,,
,pilot,hurricane_irma__910222023263084544__910222023263084544_0,misleading_image,,,,,,,,,
,pilot,hurricane_irma__910222023263084544__910222023263084544_0,misleading_text,,,,,,,,,
,pilot,hurricane_irma__910222023263084544__910222023263084544_0,misleading_joint,,,,,,,,,
,pilot,hurricane_maria__911546468791709697__911546468791709697_0,clean,,,,,,,,,
,pilot,hurricane_maria__911546468791709697__911546468791709697_0,benign_image,,,,,,,,,
,pilot,hurricane_maria__911546468791709697__911546468791709697_0,benign_text,,,,,,,,,
,pilot,hurricane_maria__911546468791709697__911546468791709697_0,benign_joint,,,,,,,,,
,pilot,hurricane_maria__911546468791709697__911546468791709697_0,direct_image,,,,,,,,,
,pilot,hurricane_maria__911546468791709697__911546468791709697_0,direct_text,,,,,,,,,
,pilot,hurricane_maria__911546468791709697__911546468791709697_0,direct_joint,,,,,,,,,
,pilot,hurricane_maria__911546468791709697__911546468791709697_0,misleading_image,,,,,,,,,
,pilot,hurricane_maria__911546468791709697__911546468791709697_0,misleading_text,,,,,,,,,
,pilot,hurricane_maria__911546468791709697__911546468791709697_0,misleading_joint,,,,,,,,,
,pilot,hurricane_maria__911786535321604096__911786535321604096_0,clean,,,,,,,,,
,pilot,hurricane_maria__911786535321604096__911786535321604096_0,benign_image,,,,,,,,,
,pilot,hurricane_maria__911786535321604096__911786535321604096_0,benign_text,,,,,,,,,
,pilot,hurricane_maria__911786535321604096__911786535321604096_0,benign_joint,,,,,,,,,
,pilot,hurricane_maria__911786535321604096__911786535321604096_0,direct_image,,,,,,,,,
,pilot,hurricane_maria__911786535321604096__911786535321604096_0,direct_text,,,,,,,,,
,pilot,hurricane_maria__911786535321604096__911786535321604096_0,direct_joint,,,,,,,,,
,pilot,hurricane_maria__911786535321604096__911786535321604096_0,misleading_image,,,,,,,,,
,pilot,hurricane_maria__911786535321604096__911786535321604096_0,misleading_text,,,,,,,,,
,pilot,hurricane_maria__911786535321604096__911786535321604096_0,misleading_joint,,,,,,,,,
,pilot,hurricane_maria__912021033984626688__912021033984626688_0,clean,,,,,,,,,
,pilot,hurricane_maria__912021033984626688__912021033984626688_0,benign_image,,,,,,,,,
,pilot,hurricane_maria__912021033984626688__912021033984626688_0,benign_text,,,,,,,,,
,pilot,hurricane_maria__912021033984626688__912021033984626688_0,benign_joint,,,,,,,,,
,pilot,hurricane_maria__912021033984626688__912021033984626688_0,direct_image,,,,,,,,,
,pilot,hurricane_maria__912021033984626688__912021033984626688_0,direct_text,,,,,,,,,
,pilot,hurricane_maria__912021033984626688__912021033984626688_0,direct_joint,,,,,,,,,
,pilot,hurricane_maria__912021033984626688__912021033984626688_0,misleading_image,,,,,,,,,
,pilot,hurricane_maria__912021033984626688__912021033984626688_0,misleading_text,,,,,,,,,
,pilot,hurricane_maria__912021033984626688__912021033984626688_0,misleading_joint,,,,,,,,,
,pilot,hurricane_maria__912949692413161472__912949692413161472_0,clean,,,,,,,,,
,pilot,hurricane_maria__912949692413161472__912949692413161472_0,benign_image,,,,,,,,,
,pilot,hurricane_maria__912949692413161472__912949692413161472_0,benign_text,,,,,,,,,
,pilot,hurricane_maria__912949692413161472__912949692413161472_0,benign_joint,,,,,,,,,
,pilot,hurricane_maria__912949692413161472__912949692413161472_0,direct_image,,,,,,,,,
,pilot,hurricane_maria__912949692413161472__912949692413161472_0,direct_text,,,,,,,,,
,pilot,hurricane_maria__912949692413161472__912949692413161472_0,direct_joint,,,,,,,,,
,pilot,hurricane_maria__912949692413161472__912949692413161472_0,misleading_image,,,,,,,,,
,pilot,hurricane_maria__912949692413161472__912949692413161472_0,misleading_text,,,,,,,,,
,pilot,hurricane_maria__912949692413161472__912949692413161472_0,misleading_joint,,,,,,,,,
,pilot,hurricane_maria__913062398004776960__913062398004776960_0,clean,,,,,,,,,
,pilot,hurricane_maria__913062398004776960__913062398004776960_0,benign_image,,,,,,,,,
,pilot,hurricane_maria__913062398004776960__913062398004776960_0,benign_text,,,,,,,,,
,pilot,hurricane_maria__913062398004776960__913062398004776960_0,benign_joint,,,,,,,,,
,pilot,hurricane_maria__913062398004776960__913062398004776960_0,direct_image,,,,,,,,,
,pilot,hurricane_maria__913062398004776960__913062398004776960_0,direct_text,,,,,,,,,
,pilot,hurricane_maria__913062398004776960__913062398004776960_0,direct_joint,,,,,,,,,
,pilot,hurricane_maria__913062398004776960__913062398004776960_0,misleading_image,,,,,,,,,
,pilot,hurricane_maria__913062398004776960__913062398004776960_0,misleading_text,,,,,,,,,
,pilot,hurricane_maria__913062398004776960__913062398004776960_0,misleading_joint,,,,,,,,,
,pilot,hurricane_maria__913795571193978880__913795571193978880_0,clean,,,,,,,,,
,pilot,hurricane_maria__913795571193978880__913795571193978880_0,benign_image,,,,,,,,,
,pilot,hurricane_maria__913795571193978880__913795571193978880_0,benign_text,,,,,,,,,
,pilot,hurricane_maria__913795571193978880__913795571193978880_0,benign_joint,,,,,,,,,
,pilot,hurricane_maria__913795571193978880__913795571193978880_0,direct_image,,,,,,,,,
,pilot,hurricane_maria__913795571193978880__913795571193978880_0,direct_text,,,,,,,,,
,pilot,hurricane_maria__913795571193978880__913795571193978880_0,direct_joint,,,,,,,,,
,pilot,hurricane_maria__913795571193978880__913795571193978880_0,misleading_image,,,,,,,,,
,pilot,hurricane_maria__913795571193978880__913795571193978880_0,misleading_text,,,,,,,,,
,pilot,hurricane_maria__913795571193978880__913795571193978880_0,misleading_joint,,,,,,,,,
,pilot,hurricane_maria__913983131262128129__913983131262128129_0,clean,,,,,,,,,
,pilot,hurricane_maria__913983131262128129__913983131262128129_0,benign_image,,,,,,,,,
,pilot,hurricane_maria__913983131262128129__913983131262128129_0,benign_text,,,,,,,,,
,pilot,hurricane_maria__913983131262128129__913983131262128129_0,benign_joint,,,,,,,,,
,pilot,hurricane_maria__913983131262128129__913983131262128129_0,direct_image,,,,,,,,,
,pilot,hurricane_maria__913983131262128129__913983131262128129_0,direct_text,,,,,,,,,
,pilot,hurricane_maria__913983131262128129__913983131262128129_0,direct_joint,,,,,,,,,
,pilot,hurricane_maria__913983131262128129__913983131262128129_0,misleading_image,,,,,,,,,
,pilot,hurricane_maria__913983131262128129__913983131262128129_0,misleading_text,,,,,,,,,
,pilot,hurricane_maria__913983131262128129__913983131262128129_0,misleading_joint,,,,,,,,,
,pilot,hurricane_maria__913992284986855424__913992284986855424_0,clean,,,,,,,,,
,pilot,hurricane_maria__913992284986855424__913992284986855424_0,benign_image,,,,,,,,,
,pilot,hurricane_maria__913992284986855424__913992284986855424_0,benign_text,,,,,,,,,
,pilot,hurricane_maria__913992284986855424__913992284986855424_0,benign_joint,,,,,,,,,
,pilot,hurricane_maria__913992284986855424__913992284986855424_0,direct_image,,,,,,,,,
,pilot,hurricane_maria__913992284986855424__913992284986855424_0,direct_text,,,,,,,,,
,pilot,hurricane_maria__913992284986855424__913992284986855424_0,direct_joint,,,,,,,,,
,pilot,hurricane_maria__913992284986855424__913992284986855424_0,misleading_image,,,,,,,,,
,pilot,hurricane_maria__913992284986855424__913992284986855424_0,misleading_text,,,,,,,,,
,pilot,hurricane_maria__913992284986855424__913992284986855424_0,misleading_joint,,,,,,,,,
,pilot,hurricane_maria__914329492830789634__914329492830789634_1,clean,,,,,,,,,
,pilot,hurricane_maria__914329492830789634__914329492830789634_1,benign_image,,,,,,,,,
,pilot,hurricane_maria__914329492830789634__914329492830789634_1,benign_text,,,,,,,,,
,pilot,hurricane_maria__914329492830789634__914329492830789634_1,benign_joint,,,,,,,,,
,pilot,hurricane_maria__914329492830789634__914329492830789634_1,direct_image,,,,,,,,,
,pilot,hurricane_maria__914329492830789634__914329492830789634_1,direct_text,,,,,,,,,
,pilot,hurricane_maria__914329492830789634__914329492830789634_1,direct_joint,,,,,,,,,
,pilot,hurricane_maria__914329492830789634__914329492830789634_1,misleading_image,,,,,,,,,
,pilot,hurricane_maria__914329492830789634__914329492830789634_1,misleading_text,,,,,,,,,
,pilot,hurricane_maria__914329492830789634__914329492830789634_1,misleading_joint,,,,,,,,,
,pilot,hurricane_maria__914555402737668097__914555402737668097_1,clean,,,,,,,,,
,pilot,hurricane_maria__914555402737668097__914555402737668097_1,benign_image,,,,,,,,,
,pilot,hurricane_maria__914555402737668097__914555402737668097_1,benign_text,,,,,,,,,
,pilot,hurricane_maria__914555402737668097__914555402737668097_1,benign_joint,,,,,,,,,
,pilot,hurricane_maria__914555402737668097__914555402737668097_1,direct_image,,,,,,,,,
,pilot,hurricane_maria__914555402737668097__914555402737668097_1,direct_text,,,,,,,,,
,pilot,hurricane_maria__914555402737668097__914555402737668097_1,direct_joint,,,,,,,,,
,pilot,hurricane_maria__914555402737668097__914555402737668097_1,misleading_image,,,,,,,,,
,pilot,hurricane_maria__914555402737668097__914555402737668097_1,misleading_text,,,,,,,,,
,pilot,hurricane_maria__914555402737668097__914555402737668097_1,misleading_joint,,,,,,,,,
,pilot,hurricane_maria__921427706880954369__921427706880954369_0,clean,,,,,,,,,
,pilot,hurricane_maria__921427706880954369__921427706880954369_0,benign_image,,,,,,,,,
,pilot,hurricane_maria__921427706880954369__921427706880954369_0,benign_text,,,,,,,,,
,pilot,hurricane_maria__921427706880954369__921427706880954369_0,benign_joint,,,,,,,,,
,pilot,hurricane_maria__921427706880954369__921427706880954369_0,direct_image,,,,,,,,,
,pilot,hurricane_maria__921427706880954369__921427706880954369_0,direct_text,,,,,,,,,
,pilot,hurricane_maria__921427706880954369__921427706880954369_0,direct_joint,,,,,,,,,
,pilot,hurricane_maria__921427706880954369__921427706880954369_0,misleading_image,,,,,,,,,
,pilot,hurricane_maria__921427706880954369__921427706880954369_0,misleading_text,,,,,,,,,
,pilot,hurricane_maria__921427706880954369__921427706880954369_0,misleading_joint,,,,,,,,,
,pilot,hurricane_maria__922464066622377986__922464066622377986_0,clean,,,,,,,,,
,pilot,hurricane_maria__922464066622377986__922464066622377986_0,benign_image,,,,,,,,,
,pilot,hurricane_maria__922464066622377986__922464066622377986_0,benign_text,,,,,,,,,
,pilot,hurricane_maria__922464066622377986__922464066622377986_0,benign_joint,,,,,,,,,
,pilot,hurricane_maria__922464066622377986__922464066622377986_0,direct_image,,,,,,,,,
,pilot,hurricane_maria__922464066622377986__922464066622377986_0,direct_text,,,,,,,,,
,pilot,hurricane_maria__922464066622377986__922464066622377986_0,direct_joint,,,,,,,,,
,pilot,hurricane_maria__922464066622377986__922464066622377986_0,misleading_image,,,,,,,,,
,pilot,hurricane_maria__922464066622377986__922464066622377986_0,misleading_text,,,,,,,,,
,pilot,hurricane_maria__922464066622377986__922464066622377986_0,misleading_joint,,,,,,,,,
,pilot,hurricane_maria__922601042533007362__922601042533007362_0,clean,,,,,,,,,
,pilot,hurricane_maria__922601042533007362__922601042533007362_0,benign_image,,,,,,,,,
,pilot,hurricane_maria__922601042533007362__922601042533007362_0,benign_text,,,,,,,,,
,pilot,hurricane_maria__922601042533007362__922601042533007362_0,benign_joint,,,,,,,,,
,pilot,hurricane_maria__922601042533007362__922601042533007362_0,direct_image,,,,,,,,,
,pilot,hurricane_maria__922601042533007362__922601042533007362_0,direct_text,,,,,,,,,
,pilot,hurricane_maria__922601042533007362__922601042533007362_0,direct_joint,,,,,,,,,
,pilot,hurricane_maria__922601042533007362__922601042533007362_0,misleading_image,,,,,,,,,
,pilot,hurricane_maria__922601042533007362__922601042533007362_0,misleading_text,,,,,,,,,
,pilot,hurricane_maria__922601042533007362__922601042533007362_0,misleading_joint,,,,,,,,,
,pilot,hurricane_maria__922969963035615233__922969963035615233_0,clean,,,,,,,,,
,pilot,hurricane_maria__922969963035615233__922969963035615233_0,benign_image,,,,,,,,,
,pilot,hurricane_maria__922969963035615233__922969963035615233_0,benign_text,,,,,,,,,
,pilot,hurricane_maria__922969963035615233__922969963035615233_0,benign_joint,,,,,,,,,
,pilot,hurricane_maria__922969963035615233__922969963035615233_0,direct_image,,,,,,,,,
,pilot,hurricane_maria__922969963035615233__922969963035615233_0,direct_text,,,,,,,,,
,pilot,hurricane_maria__922969963035615233__922969963035615233_0,direct_joint,,,,,,,,,
,pilot,hurricane_maria__922969963035615233__922969963035615233_0,misleading_image,,,,,,,,,
,pilot,hurricane_maria__922969963035615233__922969963035615233_0,misleading_text,,,,,,,,,
,pilot,hurricane_maria__922969963035615233__922969963035615233_0,misleading_joint,,,,,,,,,
,pilot,hurricane_maria__923670505391042561__923670505391042561_0,clean,,,,,,,,,
,pilot,hurricane_maria__923670505391042561__923670505391042561_0,benign_image,,,,,,,,,
,pilot,hurricane_maria__923670505391042561__923670505391042561_0,benign_text,,,,,,,,,
,pilot,hurricane_maria__923670505391042561__923670505391042561_0,benign_joint,,,,,,,,,
,pilot,hurricane_maria__923670505391042561__923670505391042561_0,direct_image,,,,,,,,,
,pilot,hurricane_maria__923670505391042561__923670505391042561_0,direct_text,,,,,,,,,
,pilot,hurricane_maria__923670505391042561__923670505391042561_0,direct_joint,,,,,,,,,
,pilot,hurricane_maria__923670505391042561__923670505391042561_0,misleading_image,,,,,,,,,
,pilot,hurricane_maria__923670505391042561__923670505391042561_0,misleading_text,,,,,,,,,
,pilot,hurricane_maria__923670505391042561__923670505391042561_0,misleading_joint,,,,,,,,,
,pilot,hurricane_maria__927192810146619393__927192810146619393_0,clean,,,,,,,,,
,pilot,hurricane_maria__927192810146619393__927192810146619393_0,benign_image,,,,,,,,,
,pilot,hurricane_maria__927192810146619393__927192810146619393_0,benign_text,,,,,,,,,
,pilot,hurricane_maria__927192810146619393__927192810146619393_0,benign_joint,,,,,,,,,
,pilot,hurricane_maria__927192810146619393__927192810146619393_0,direct_image,,,,,,,,,
,pilot,hurricane_maria__927192810146619393__927192810146619393_0,direct_text,,,,,,,,,
,pilot,hurricane_maria__927192810146619393__927192810146619393_0,direct_joint,,,,,,,,,
,pilot,hurricane_maria__927192810146619393__927192810146619393_0,misleading_image,,,,,,,,,
,pilot,hurricane_maria__927192810146619393__927192810146619393_0,misleading_text,,,,,,,,,
,pilot,hurricane_maria__927192810146619393__927192810146619393_0,misleading_joint,,,,,,,,,
,pilot,hurricane_maria__928447589287989250__928447589287989250_0,clean,,,,,,,,,
,pilot,hurricane_maria__928447589287989250__928447589287989250_0,benign_image,,,,,,,,,
,pilot,hurricane_maria__928447589287989250__928447589287989250_0,benign_text,,,,,,,,,
,pilot,hurricane_maria__928447589287989250__928447589287989250_0,benign_joint,,,,,,,,,
,pilot,hurricane_maria__928447589287989250__928447589287989250_0,direct_image,,,,,,,,,
,pilot,hurricane_maria__928447589287989250__928447589287989250_0,direct_text,,,,,,,,,
,pilot,hurricane_maria__928447589287989250__928447589287989250_0,direct_joint,,,,,,,,,
,pilot,hurricane_maria__928447589287989250__928447589287989250_0,misleading_image,,,,,,,,,
,pilot,hurricane_maria__928447589287989250__928447589287989250_0,misleading_text,,,,,,,,,
,pilot,hurricane_maria__928447589287989250__928447589287989250_0,misleading_joint,,,,,,,,,
,pilot,hurricane_maria__928587264518529024__928587264518529024_0,clean,,,,,,,,,
,pilot,hurricane_maria__928587264518529024__928587264518529024_0,benign_image,,,,,,,,,
,pilot,hurricane_maria__928587264518529024__928587264518529024_0,benign_text,,,,,,,,,
,pilot,hurricane_maria__928587264518529024__928587264518529024_0,benign_joint,,,,,,,,,
,pilot,hurricane_maria__928587264518529024__928587264518529024_0,direct_image,,,,,,,,,
,pilot,hurricane_maria__928587264518529024__928587264518529024_0,direct_text,,,,,,,,,
,pilot,hurricane_maria__928587264518529024__928587264518529024_0,direct_joint,,,,,,,,,
,pilot,hurricane_maria__928587264518529024__928587264518529024_0,misleading_image,,,,,,,,,
,pilot,hurricane_maria__928587264518529024__928587264518529024_0,misleading_text,,,,,,,,,
,pilot,hurricane_maria__928587264518529024__928587264518529024_0,misleading_joint,,,,,,,,,
,pilot,iraq_iran_earthquake__929989752882806785__929989752882806785_0,clean,,,,,,,,,
,pilot,iraq_iran_earthquake__929989752882806785__929989752882806785_0,benign_image,,,,,,,,,
,pilot,iraq_iran_earthquake__929989752882806785__929989752882806785_0,benign_text,,,,,,,,,
,pilot,iraq_iran_earthquake__929989752882806785__929989752882806785_0,benign_joint,,,,,,,,,
,pilot,iraq_iran_earthquake__929989752882806785__929989752882806785_0,direct_image,,,,,,,,,
,pilot,iraq_iran_earthquake__929989752882806785__929989752882806785_0,direct_text,,,,,,,,,
,pilot,iraq_iran_earthquake__929989752882806785__929989752882806785_0,direct_joint,,,,,,,,,
,pilot,iraq_iran_earthquake__929989752882806785__929989752882806785_0,misleading_image,,,,,,,,,
,pilot,iraq_iran_earthquake__929989752882806785__929989752882806785_0,misleading_text,,,,,,,,,
,pilot,iraq_iran_earthquake__929989752882806785__929989752882806785_0,misleading_joint,,,,,,,,,
,pilot,iraq_iran_earthquake__929989819211681793__929989819211681793_0,clean,,,,,,,,,
,pilot,iraq_iran_earthquake__929989819211681793__929989819211681793_0,benign_image,,,,,,,,,
,pilot,iraq_iran_earthquake__929989819211681793__929989819211681793_0,benign_text,,,,,,,,,
,pilot,iraq_iran_earthquake__929989819211681793__929989819211681793_0,benign_joint,,,,,,,,,
,pilot,iraq_iran_earthquake__929989819211681793__929989819211681793_0,direct_image,,,,,,,,,
,pilot,iraq_iran_earthquake__929989819211681793__929989819211681793_0,direct_text,,,,,,,,,
,pilot,iraq_iran_earthquake__929989819211681793__929989819211681793_0,direct_joint,,,,,,,,,
,pilot,iraq_iran_earthquake__929989819211681793__929989819211681793_0,misleading_image,,,,,,,,,
,pilot,iraq_iran_earthquake__929989819211681793__929989819211681793_0,misleading_text,,,,,,,,,
,pilot,iraq_iran_earthquake__929989819211681793__929989819211681793_0,misleading_joint,,,,,,,,,
,pilot,iraq_iran_earthquake__930001778115985408__930001778115985408_0,clean,,,,,,,,,
,pilot,iraq_iran_earthquake__930001778115985408__930001778115985408_0,benign_image,,,,,,,,,
,pilot,iraq_iran_earthquake__930001778115985408__930001778115985408_0,benign_text,,,,,,,,,
,pilot,iraq_iran_earthquake__930001778115985408__930001778115985408_0,benign_joint,,,,,,,,,
,pilot,iraq_iran_earthquake__930001778115985408__930001778115985408_0,direct_image,,,,,,,,,
,pilot,iraq_iran_earthquake__930001778115985408__930001778115985408_0,direct_text,,,,,,,,,
,pilot,iraq_iran_earthquake__930001778115985408__930001778115985408_0,direct_joint,,,,,,,,,
,pilot,iraq_iran_earthquake__930001778115985408__930001778115985408_0,misleading_image,,,,,,,,,
,pilot,iraq_iran_earthquake__930001778115985408__930001778115985408_0,misleading_text,,,,,,,,,
,pilot,iraq_iran_earthquake__930001778115985408__930001778115985408_0,misleading_joint,,,,,,,,,
,pilot,iraq_iran_earthquake__930003223800360960__930003223800360960_0,clean,,,,,,,,,
,pilot,iraq_iran_earthquake__930003223800360960__930003223800360960_0,benign_image,,,,,,,,,
,pilot,iraq_iran_earthquake__930003223800360960__930003223800360960_0,benign_text,,,,,,,,,
,pilot,iraq_iran_earthquake__930003223800360960__930003223800360960_0,benign_joint,,,,,,,,,
,pilot,iraq_iran_earthquake__930003223800360960__930003223800360960_0,direct_image,,,,,,,,,
,pilot,iraq_iran_earthquake__930003223800360960__930003223800360960_0,direct_text,,,,,,,,,
,pilot,iraq_iran_earthquake__930003223800360960__930003223800360960_0,direct_joint,,,,,,,,,
,pilot,iraq_iran_earthquake__930003223800360960__930003223800360960_0,misleading_image,,,,,,,,,
,pilot,iraq_iran_earthquake__930003223800360960__930003223800360960_0,misleading_text,,,,,,,,,
,pilot,iraq_iran_earthquake__930003223800360960__930003223800360960_0,misleading_joint,,,,,,,,,
,pilot,iraq_iran_earthquake__930028600992165888__930028600992165888_2,clean,,,,,,,,,
,pilot,iraq_iran_earthquake__930028600992165888__930028600992165888_2,benign_image,,,,,,,,,
,pilot,iraq_iran_earthquake__930028600992165888__930028600992165888_2,benign_text,,,,,,,,,
,pilot,iraq_iran_earthquake__930028600992165888__930028600992165888_2,benign_joint,,,,,,,,,
,pilot,iraq_iran_earthquake__930028600992165888__930028600992165888_2,direct_image,,,,,,,,,
,pilot,iraq_iran_earthquake__930028600992165888__930028600992165888_2,direct_text,,,,,,,,,
,pilot,iraq_iran_earthquake__930028600992165888__930028600992165888_2,direct_joint,,,,,,,,,
,pilot,iraq_iran_earthquake__930028600992165888__930028600992165888_2,misleading_image,,,,,,,,,
,pilot,iraq_iran_earthquake__930028600992165888__930028600992165888_2,misleading_text,,,,,,,,,
,pilot,iraq_iran_earthquake__930028600992165888__930028600992165888_2,misleading_joint,,,,,,,,,
,pilot,iraq_iran_earthquake__930170726715404295__930170726715404295_0,clean,,,,,,,,,
,pilot,iraq_iran_earthquake__930170726715404295__930170726715404295_0,benign_image,,,,,,,,,
,pilot,iraq_iran_earthquake__930170726715404295__930170726715404295_0,benign_text,,,,,,,,,
,pilot,iraq_iran_earthquake__930170726715404295__930170726715404295_0,benign_joint,,,,,,,,,
,pilot,iraq_iran_earthquake__930170726715404295__930170726715404295_0,direct_image,,,,,,,,,
,pilot,iraq_iran_earthquake__930170726715404295__930170726715404295_0,direct_text,,,,,,,,,
,pilot,iraq_iran_earthquake__930170726715404295__930170726715404295_0,direct_joint,,,,,,,,,
,pilot,iraq_iran_earthquake__930170726715404295__930170726715404295_0,misleading_image,,,,,,,,,
,pilot,iraq_iran_earthquake__930170726715404295__930170726715404295_0,misleading_text,,,,,,,,,
,pilot,iraq_iran_earthquake__930170726715404295__930170726715404295_0,misleading_joint,,,,,,,,,
,pilot,iraq_iran_earthquake__930389337895776256__930389337895776256_0,clean,,,,,,,,,
,pilot,iraq_iran_earthquake__930389337895776256__930389337895776256_0,benign_image,,,,,,,,,
,pilot,iraq_iran_earthquake__930389337895776256__930389337895776256_0,benign_text,,,,,,,,,
,pilot,iraq_iran_earthquake__930389337895776256__930389337895776256_0,benign_joint,,,,,,,,,
,pilot,iraq_iran_earthquake__930389337895776256__930389337895776256_0,direct_image,,,,,,,,,
,pilot,iraq_iran_earthquake__930389337895776256__930389337895776256_0,direct_text,,,,,,,,,
,pilot,iraq_iran_earthquake__930389337895776256__930389337895776256_0,direct_joint,,,,,,,,,
,pilot,iraq_iran_earthquake__930389337895776256__930389337895776256_0,misleading_image,,,,,,,,,
,pilot,iraq_iran_earthquake__930389337895776256__930389337895776256_0,misleading_text,,,,,,,,,
,pilot,iraq_iran_earthquake__930389337895776256__930389337895776256_0,misleading_joint,,,,,,,,,
,pilot,mexico_earthquake__910523983149252608__910523983149252608_0,clean,,,,,,,,,
,pilot,mexico_earthquake__910523983149252608__910523983149252608_0,benign_image,,,,,,,,,
,pilot,mexico_earthquake__910523983149252608__910523983149252608_0,benign_text,,,,,,,,,
,pilot,mexico_earthquake__910523983149252608__910523983149252608_0,benign_joint,,,,,,,,,
,pilot,mexico_earthquake__910523983149252608__910523983149252608_0,direct_image,,,,,,,,,
,pilot,mexico_earthquake__910523983149252608__910523983149252608_0,direct_text,,,,,,,,,
,pilot,mexico_earthquake__910523983149252608__910523983149252608_0,direct_joint,,,,,,,,,
,pilot,mexico_earthquake__910523983149252608__910523983149252608_0,misleading_image,,,,,,,,,
,pilot,mexico_earthquake__910523983149252608__910523983149252608_0,misleading_text,,,,,,,,,
,pilot,mexico_earthquake__910523983149252608__910523983149252608_0,misleading_joint,,,,,,,,,
,pilot,mexico_earthquake__910614931262681089__910614931262681089_0,clean,,,,,,,,,
,pilot,mexico_earthquake__910614931262681089__910614931262681089_0,benign_image,,,,,,,,,
,pilot,mexico_earthquake__910614931262681089__910614931262681089_0,benign_text,,,,,,,,,
,pilot,mexico_earthquake__910614931262681089__910614931262681089_0,benign_joint,,,,,,,,,
,pilot,mexico_earthquake__910614931262681089__910614931262681089_0,direct_image,,,,,,,,,
,pilot,mexico_earthquake__910614931262681089__910614931262681089_0,direct_text,,,,,,,,,
,pilot,mexico_earthquake__910614931262681089__910614931262681089_0,direct_joint,,,,,,,,,
,pilot,mexico_earthquake__910614931262681089__910614931262681089_0,misleading_image,,,,,,,,,
,pilot,mexico_earthquake__910614931262681089__910614931262681089_0,misleading_text,,,,,,,,,
,pilot,mexico_earthquake__910614931262681089__910614931262681089_0,misleading_joint,,,,,,,,,
,pilot,mexico_earthquake__910655089211142145__910655089211142145_0,clean,,,,,,,,,
,pilot,mexico_earthquake__910655089211142145__910655089211142145_0,benign_image,,,,,,,,,
,pilot,mexico_earthquake__910655089211142145__910655089211142145_0,benign_text,,,,,,,,,
,pilot,mexico_earthquake__910655089211142145__910655089211142145_0,benign_joint,,,,,,,,,
,pilot,mexico_earthquake__910655089211142145__910655089211142145_0,direct_image,,,,,,,,,
,pilot,mexico_earthquake__910655089211142145__910655089211142145_0,direct_text,,,,,,,,,
,pilot,mexico_earthquake__910655089211142145__910655089211142145_0,direct_joint,,,,,,,,,
,pilot,mexico_earthquake__910655089211142145__910655089211142145_0,misleading_image,,,,,,,,,
,pilot,mexico_earthquake__910655089211142145__910655089211142145_0,misleading_text,,,,,,,,,
,pilot,mexico_earthquake__910655089211142145__910655089211142145_0,misleading_joint,,,,,,,,,
,pilot,mexico_earthquake__910708399377080322__910708399377080322_0,clean,,,,,,,,,
,pilot,mexico_earthquake__910708399377080322__910708399377080322_0,benign_image,,,,,,,,,
,pilot,mexico_earthquake__910708399377080322__910708399377080322_0,benign_text,,,,,,,,,
,pilot,mexico_earthquake__910708399377080322__910708399377080322_0,benign_joint,,,,,,,,,
,pilot,mexico_earthquake__910708399377080322__910708399377080322_0,direct_image,,,,,,,,,
,pilot,mexico_earthquake__910708399377080322__910708399377080322_0,direct_text,,,,,,,,,
,pilot,mexico_earthquake__910708399377080322__910708399377080322_0,direct_joint,,,,,,,,,
,pilot,mexico_earthquake__910708399377080322__910708399377080322_0,misleading_image,,,,,,,,,
,pilot,mexico_earthquake__910708399377080322__910708399377080322_0,misleading_text,,,,,,,,,
,pilot,mexico_earthquake__910708399377080322__910708399377080322_0,misleading_joint,,,,,,,,,
,pilot,mexico_earthquake__911784599163895810__911784599163895810_0,clean,,,,,,,,,
,pilot,mexico_earthquake__911784599163895810__911784599163895810_0,benign_image,,,,,,,,,
,pilot,mexico_earthquake__911784599163895810__911784599163895810_0,benign_text,,,,,,,,,
,pilot,mexico_earthquake__911784599163895810__911784599163895810_0,benign_joint,,,,,,,,,
,pilot,mexico_earthquake__911784599163895810__911784599163895810_0,direct_image,,,,,,,,,
,pilot,mexico_earthquake__911784599163895810__911784599163895810_0,direct_text,,,,,,,,,
,pilot,mexico_earthquake__911784599163895810__911784599163895810_0,direct_joint,,,,,,,,,
,pilot,mexico_earthquake__911784599163895810__911784599163895810_0,misleading_image,,,,,,,,,
,pilot,mexico_earthquake__911784599163895810__911784599163895810_0,misleading_text,,,,,,,,,
,pilot,mexico_earthquake__911784599163895810__911784599163895810_0,misleading_joint,,,,,,,,,
,pilot,mexico_earthquake__911827596748447744__911827596748447744_0,clean,,,,,,,,,
,pilot,mexico_earthquake__911827596748447744__911827596748447744_0,benign_image,,,,,,,,,
,pilot,mexico_earthquake__911827596748447744__911827596748447744_0,benign_text,,,,,,,,,
,pilot,mexico_earthquake__911827596748447744__911827596748447744_0,benign_joint,,,,,,,,,
,pilot,mexico_earthquake__911827596748447744__911827596748447744_0,direct_image,,,,,,,,,
,pilot,mexico_earthquake__911827596748447744__911827596748447744_0,direct_text,,,,,,,,,
,pilot,mexico_earthquake__911827596748447744__911827596748447744_0,direct_joint,,,,,,,,,
,pilot,mexico_earthquake__911827596748447744__911827596748447744_0,misleading_image,,,,,,,,,
,pilot,mexico_earthquake__911827596748447744__911827596748447744_0,misleading_text,,,,,,,,,
,pilot,mexico_earthquake__911827596748447744__911827596748447744_0,misleading_joint,,,,,,,,,
,pilot,mexico_earthquake__911974797113950208__911974797113950208_0,clean,,,,,,,,,
,pilot,mexico_earthquake__911974797113950208__911974797113950208_0,benign_image,,,,,,,,,
,pilot,mexico_earthquake__911974797113950208__911974797113950208_0,benign_text,,,,,,,,,
,pilot,mexico_earthquake__911974797113950208__911974797113950208_0,benign_joint,,,,,,,,,
,pilot,mexico_earthquake__911974797113950208__911974797113950208_0,direct_image,,,,,,,,,
,pilot,mexico_earthquake__911974797113950208__911974797113950208_0,direct_text,,,,,,,,,
,pilot,mexico_earthquake__911974797113950208__911974797113950208_0,direct_joint,,,,,,,,,
,pilot,mexico_earthquake__911974797113950208__911974797113950208_0,misleading_image,,,,,,,,,
,pilot,mexico_earthquake__911974797113950208__911974797113950208_0,misleading_text,,,,,,,,,
,pilot,mexico_earthquake__911974797113950208__911974797113950208_0,misleading_joint,,,,,,,,,
,pilot,mexico_earthquake__914163198177300480__914163198177300480_0,clean,,,,,,,,,
,pilot,mexico_earthquake__914163198177300480__914163198177300480_0,benign_image,,,,,,,,,
,pilot,mexico_earthquake__914163198177300480__914163198177300480_0,benign_text,,,,,,,,,
,pilot,mexico_earthquake__914163198177300480__914163198177300480_0,benign_joint,,,,,,,,,
,pilot,mexico_earthquake__914163198177300480__914163198177300480_0,direct_image,,,,,,,,,
,pilot,mexico_earthquake__914163198177300480__914163198177300480_0,direct_text,,,,,,,,,
,pilot,mexico_earthquake__914163198177300480__914163198177300480_0,direct_joint,,,,,,,,,
,pilot,mexico_earthquake__914163198177300480__914163198177300480_0,misleading_image,,,,,,,,,
,pilot,mexico_earthquake__914163198177300480__914163198177300480_0,misleading_text,,,,,,,,,
,pilot,mexico_earthquake__914163198177300480__914163198177300480_0,misleading_joint,,,,,,,,,
,pilot,srilanka_floods__870052558928138240__870052558928138240_0,clean,,,,,,,,,
,pilot,srilanka_floods__870052558928138240__870052558928138240_0,benign_image,,,,,,,,,
,pilot,srilanka_floods__870052558928138240__870052558928138240_0,benign_text,,,,,,,,,
,pilot,srilanka_floods__870052558928138240__870052558928138240_0,benign_joint,,,,,,,,,
,pilot,srilanka_floods__870052558928138240__870052558928138240_0,direct_image,,,,,,,,,
,pilot,srilanka_floods__870052558928138240__870052558928138240_0,direct_text,,,,,,,,,
,pilot,srilanka_floods__870052558928138240__870052558928138240_0,direct_joint,,,,,,,,,
,pilot,srilanka_floods__870052558928138240__870052558928138240_0,misleading_image,,,,,,,,,
,pilot,srilanka_floods__870052558928138240__870052558928138240_0,misleading_text,,,,,,,,,
,pilot,srilanka_floods__870052558928138240__870052558928138240_0,misleading_joint,,,,,,,,,
,pilot,srilanka_floods__870209884452552705__870209884452552705_0,clean,,,,,,,,,
,pilot,srilanka_floods__870209884452552705__870209884452552705_0,benign_image,,,,,,,,,
,pilot,srilanka_floods__870209884452552705__870209884452552705_0,benign_text,,,,,,,,,
,pilot,srilanka_floods__870209884452552705__870209884452552705_0,benign_joint,,,,,,,,,
,pilot,srilanka_floods__870209884452552705__870209884452552705_0,direct_image,,,,,,,,,
,pilot,srilanka_floods__870209884452552705__870209884452552705_0,direct_text,,,,,,,,,
,pilot,srilanka_floods__870209884452552705__870209884452552705_0,direct_joint,,,,,,,,,
,pilot,srilanka_floods__870209884452552705__870209884452552705_0,misleading_image,,,,,,,,,
,pilot,srilanka_floods__870209884452552705__870209884452552705_0,misleading_text,,,,,,,,,
,pilot,srilanka_floods__870209884452552705__870209884452552705_0,misleading_joint,,,,,,,,,
,pilot,srilanka_floods__870347744912711680__870347744912711680_0,clean,,,,,,,,,
,pilot,srilanka_floods__870347744912711680__870347744912711680_0,benign_image,,,,,,,,,
,pilot,srilanka_floods__870347744912711680__870347744912711680_0,benign_text,,,,,,,,,
,pilot,srilanka_floods__870347744912711680__870347744912711680_0,benign_joint,,,,,,,,,
,pilot,srilanka_floods__870347744912711680__870347744912711680_0,direct_image,,,,,,,,,
,pilot,srilanka_floods__870347744912711680__870347744912711680_0,direct_text,,,,,,,,,
,pilot,srilanka_floods__870347744912711680__870347744912711680_0,direct_joint,,,,,,,,,
,pilot,srilanka_floods__870347744912711680__870347744912711680_0,misleading_image,,,,,,,,,
,pilot,srilanka_floods__870347744912711680__870347744912711680_0,misleading_text,,,,,,,,,
,pilot,srilanka_floods__870347744912711680__870347744912711680_0,misleading_joint,,,,,,,,,
,pilot,srilanka_floods__870349300185706496__870349300185706496_0,clean,,,,,,,,,
,pilot,srilanka_floods__870349300185706496__870349300185706496_0,benign_image,,,,,,,,,
,pilot,srilanka_floods__870349300185706496__870349300185706496_0,benign_text,,,,,,,,,
,pilot,srilanka_floods__870349300185706496__870349300185706496_0,benign_joint,,,,,,,,,
,pilot,srilanka_floods__870349300185706496__870349300185706496_0,direct_image,,,,,,,,,
,pilot,srilanka_floods__870349300185706496__870349300185706496_0,direct_text,,,,,,,,,
,pilot,srilanka_floods__870349300185706496__870349300185706496_0,direct_joint,,,,,,,,,
,pilot,srilanka_floods__870349300185706496__870349300185706496_0,misleading_image,,,,,,,,,
,pilot,srilanka_floods__870349300185706496__870349300185706496_0,misleading_text,,,,,,,,,
,pilot,srilanka_floods__870349300185706496__870349300185706496_0,misleading_joint,,,,,,,,,
,pilot,srilanka_floods__870917963821535233__870917963821535233_0,clean,,,,,,,,,
,pilot,srilanka_floods__870917963821535233__870917963821535233_0,benign_image,,,,,,,,,
,pilot,srilanka_floods__870917963821535233__870917963821535233_0,benign_text,,,,,,,,,
,pilot,srilanka_floods__870917963821535233__870917963821535233_0,benign_joint,,,,,,,,,
,pilot,srilanka_floods__870917963821535233__870917963821535233_0,direct_image,,,,,,,,,
,pilot,srilanka_floods__870917963821535233__870917963821535233_0,direct_text,,,,,,,,,
,pilot,srilanka_floods__870917963821535233__870917963821535233_0,direct_joint,,,,,,,,,
,pilot,srilanka_floods__870917963821535233__870917963821535233_0,misleading_image,,,,,,,,,
,pilot,srilanka_floods__870917963821535233__870917963821535233_0,misleading_text,,,,,,,,,
,pilot,srilanka_floods__870917963821535233__870917963821535233_0,misleading_joint,,,,,,,,,
,pilot,srilanka_floods__872085722575929345__872085722575929345_0,clean,,,,,,,,,
,pilot,srilanka_floods__872085722575929345__872085722575929345_0,benign_image,,,,,,,,,
,pilot,srilanka_floods__872085722575929345__872085722575929345_0,benign_text,,,,,,,,,
,pilot,srilanka_floods__872085722575929345__872085722575929345_0,benign_joint,,,,,,,,,
,pilot,srilanka_floods__872085722575929345__872085722575929345_0,direct_image,,,,,,,,,
,pilot,srilanka_floods__872085722575929345__872085722575929345_0,direct_text,,,,,,,,,
,pilot,srilanka_floods__872085722575929345__872085722575929345_0,direct_joint,,,,,,,,,
,pilot,srilanka_floods__872085722575929345__872085722575929345_0,misleading_image,,,,,,,,,
,pilot,srilanka_floods__872085722575929345__872085722575929345_0,misleading_text,,,,,,,,,
,pilot,srilanka_floods__872085722575929345__872085722575929345_0,misleading_joint,,,,,,,,,
,pilot,srilanka_floods__872502041255530496__872502041255530496_0,clean,,,,,,,,,
,pilot,srilanka_floods__872502041255530496__872502041255530496_0,benign_image,,,,,,,,,
,pilot,srilanka_floods__872502041255530496__872502041255530496_0,benign_text,,,,,,,,,
,pilot,srilanka_floods__872502041255530496__872502041255530496_0,benign_joint,,,,,,,,,
,pilot,srilanka_floods__872502041255530496__872502041255530496_0,direct_image,,,,,,,,,
,pilot,srilanka_floods__872502041255530496__872502041255530496_0,direct_text,,,,,,,,,
,pilot,srilanka_floods__872502041255530496__872502041255530496_0,direct_joint,,,,,,,,,
,pilot,srilanka_floods__872502041255530496__872502041255530496_0,misleading_image,,,,,,,,,
,pilot,srilanka_floods__872502041255530496__872502041255530496_0,misleading_text,,,,,,,,,
,pilot,srilanka_floods__872502041255530496__872502041255530496_0,misleading_joint,,,,,,,,,
,pilot,srilanka_floods__875116643453632512__875116643453632512_2,clean,,,,,,,,,
,pilot,srilanka_floods__875116643453632512__875116643453632512_2,benign_image,,,,,,,,,
,pilot,srilanka_floods__875116643453632512__875116643453632512_2,benign_text,,,,,,,,,
,pilot,srilanka_floods__875116643453632512__875116643453632512_2,benign_joint,,,,,,,,,
,pilot,srilanka_floods__875116643453632512__875116643453632512_2,direct_image,,,,,,,,,
,pilot,srilanka_floods__875116643453632512__875116643453632512_2,direct_text,,,,,,,,,
,pilot,srilanka_floods__875116643453632512__875116643453632512_2,direct_joint,,,,,,,,,
,pilot,srilanka_floods__875116643453632512__875116643453632512_2,misleading_image,,,,,,,,,
,pilot,srilanka_floods__875116643453632512__875116643453632512_2,misleading_text,,,,,,,,,
,pilot,srilanka_floods__875116643453632512__875116643453632512_2,misleading_joint,,,,,,,,,
