model,model_id,disaster_type,event_names,condition,source_n,paired_parsed_n,clean_accuracy,clean_correct_target_eligible_n,downward_n,downward_eligible_n,downward_rate,full_cohort_downward_rate,upward_n,upward_eligible_n,upward_rate,full_cohort_upward_rate,mean_signed_severity_shift_attack_minus_clean,interpretation
qwen36_27b_bf16__gcp_a100,Qwen/Qwen3.6-27B,earthquake,iraq_iran_earthquake|mexico_earthquake,clean,75,75,0.9466666666666667,71,,,,,,,,,,descriptive_event_class_confounded
qwen36_27b_bf16__gcp_a100,Qwen/Qwen3.6-27B,earthquake,iraq_iran_earthquake|mexico_earthquake,benign_image,75,75,0.9466666666666667,71,0.0,71.0,0.0,0.0,1.0,1.0,1.0,0.013333333333333334,0.013333333333333334,descriptive_event_class_confounded
qwen36_27b_bf16__gcp_a100,Qwen/Qwen3.6-27B,earthquake,iraq_iran_earthquake|mexico_earthquake,benign_text,75,75,0.9466666666666667,71,0.0,71.0,0.0,0.0,1.0,1.0,1.0,0.013333333333333334,0.013333333333333334,descriptive_event_class_confounded
qwen36_27b_bf16__gcp_a100,Qwen/Qwen3.6-27B,earthquake,iraq_iran_earthquake|mexico_earthquake,benign_joint,75,75,0.9466666666666667,71,0.0,71.0,0.0,0.0,1.0,1.0,1.0,0.013333333333333334,0.013333333333333334,descriptive_event_class_confounded
qwen36_27b_bf16__gcp_a100,Qwen/Qwen3.6-27B,earthquake,iraq_iran_earthquake|mexico_earthquake,direct_image,75,75,0.9466666666666667,71,35.0,71.0,0.49295774647887325,0.4666666666666667,0.0,1.0,0.0,0.0,-0.9733333333333334,descriptive_event_class_confounded
qwen36_27b_bf16__gcp_a100,Qwen/Qwen3.6-27B,earthquake,iraq_iran_earthquake|mexico_earthquake,direct_text,75,75,0.9466666666666667,71,0.0,71.0,0.0,0.0,1.0,1.0,1.0,0.013333333333333334,0.013333333333333334,descriptive_event_class_confounded
qwen36_27b_bf16__gcp_a100,Qwen/Qwen3.6-27B,earthquake,iraq_iran_earthquake|mexico_earthquake,direct_joint,75,75,0.9466666666666667,71,19.0,71.0,0.2676056338028169,0.25333333333333335,0.0,1.0,0.0,0.0,-0.5333333333333333,descriptive_event_class_confounded
qwen36_27b_bf16__gcp_a100,Qwen/Qwen3.6-27B,earthquake,iraq_iran_earthquake|mexico_earthquake,misleading_image,75,75,0.9466666666666667,71,4.0,71.0,0.056338028169014086,0.05333333333333334,0.0,1.0,0.0,0.0,-0.08,descriptive_event_class_confounded
qwen36_27b_bf16__gcp_a100,Qwen/Qwen3.6-27B,earthquake,iraq_iran_earthquake|mexico_earthquake,misleading_text,75,75,0.9466666666666667,71,1.0,71.0,0.014084507042253521,0.013333333333333334,0.0,1.0,0.0,0.0,-0.013333333333333334,descriptive_event_class_confounded
qwen36_27b_bf16__gcp_a100,Qwen/Qwen3.6-27B,earthquake,iraq_iran_earthquake|mexico_earthquake,misleading_joint,75,75,0.9466666666666667,71,6.0,71.0,0.08450704225352113,0.08,0.0,1.0,0.0,0.0,-0.09333333333333334,descriptive_event_class_confounded
qwen36_27b_bf16__gcp_a100,Qwen/Qwen3.6-27B,flood,srilanka_floods,clean,29,29,0.3793103448275862,11,,,,,,,,,,descriptive_event_class_confounded
qwen36_27b_bf16__gcp_a100,Qwen/Qwen3.6-27B,flood,srilanka_floods,benign_image,29,29,0.3793103448275862,11,0.0,11.0,0.0,0.0,0.0,0.0,,0.0,-0.13793103448275862,descriptive_event_class_confounded
qwen36_27b_bf16__gcp_a100,Qwen/Qwen3.6-27B,flood,srilanka_floods,benign_text,29,29,0.3793103448275862,11,0.0,11.0,0.0,0.0,0.0,0.0,,0.0,-0.034482758620689655,descriptive_event_class_confounded
qwen36_27b_bf16__gcp_a100,Qwen/Qwen3.6-27B,flood,srilanka_floods,benign_joint,29,29,0.3793103448275862,11,0.0,11.0,0.0,0.0,0.0,0.0,,0.0,-0.13793103448275862,descriptive_event_class_confounded
qwen36_27b_bf16__gcp_a100,Qwen/Qwen3.6-27B,flood,srilanka_floods,direct_image,29,29,0.3793103448275862,11,6.0,11.0,0.5454545454545454,0.20689655172413793,0.0,0.0,,0.0,-0.6206896551724138,descriptive_event_class_confounded
qwen36_27b_bf16__gcp_a100,Qwen/Qwen3.6-27B,flood,srilanka_floods,direct_text,29,29,0.3793103448275862,11,1.0,11.0,0.09090909090909091,0.034482758620689655,0.0,0.0,,0.0,-0.13793103448275862,descriptive_event_class_confounded
qwen36_27b_bf16__gcp_a100,Qwen/Qwen3.6-27B,flood,srilanka_floods,direct_joint,29,29,0.3793103448275862,11,7.0,11.0,0.6363636363636364,0.2413793103448276,0.0,0.0,,0.0,-0.6551724137931034,descriptive_event_class_confounded
qwen36_27b_bf16__gcp_a100,Qwen/Qwen3.6-27B,flood,srilanka_floods,misleading_image,29,29,0.3793103448275862,11,2.0,11.0,0.18181818181818182,0.06896551724137931,0.0,0.0,,0.0,-0.27586206896551724,descriptive_event_class_confounded
qwen36_27b_bf16__gcp_a100,Qwen/Qwen3.6-27B,flood,srilanka_floods,misleading_text,29,29,0.3793103448275862,11,0.0,11.0,0.0,0.0,0.0,0.0,,0.0,-0.06896551724137931,descriptive_event_class_confounded
qwen36_27b_bf16__gcp_a100,Qwen/Qwen3.6-27B,flood,srilanka_floods,misleading_joint,29,29,0.3793103448275862,11,2.0,11.0,0.18181818181818182,0.06896551724137931,0.0,0.0,,0.0,-0.27586206896551724,descriptive_event_class_confounded
qwen36_27b_bf16__gcp_a100,Qwen/Qwen3.6-27B,hurricane,hurricane_harvey|hurricane_irma|hurricane_maria,clean,559,559,0.5044722719141324,139,,,,,,,,,,descriptive_event_class_confounded
qwen36_27b_bf16__gcp_a100,Qwen/Qwen3.6-27B,hurricane,hurricane_harvey|hurricane_irma|hurricane_maria,benign_image,559,559,0.5044722719141324,139,14.0,139.0,0.10071942446043165,0.025044722719141325,10.0,226.0,0.04424778761061947,0.017889087656529516,-0.04293381037567084,descriptive_event_class_confounded
qwen36_27b_bf16__gcp_a100,Qwen/Qwen3.6-27B,hurricane,hurricane_harvey|hurricane_irma|hurricane_maria,benign_text,559,559,0.5044722719141324,139,1.0,139.0,0.007194244604316547,0.0017889087656529517,1.0,226.0,0.004424778761061947,0.0017889087656529517,0.007155635062611807,descriptive_event_class_confounded
qwen36_27b_bf16__gcp_a100,Qwen/Qwen3.6-27B,hurricane,hurricane_harvey|hurricane_irma|hurricane_maria,benign_joint,559,559,0.5044722719141324,139,13.0,139.0,0.09352517985611511,0.023255813953488372,9.0,226.0,0.03982300884955752,0.016100178890876567,-0.044722719141323794,descriptive_event_class_confounded
qwen36_27b_bf16__gcp_a100,Qwen/Qwen3.6-27B,hurricane,hurricane_harvey|hurricane_irma|hurricane_maria,direct_image,559,559,0.5044722719141324,139,108.0,139.0,0.7769784172661871,0.19320214669051877,1.0,226.0,0.004424778761061947,0.0017889087656529517,-0.5724508050089445,descriptive_event_class_confounded
qwen36_27b_bf16__gcp_a100,Qwen/Qwen3.6-27B,hurricane,hurricane_harvey|hurricane_irma|hurricane_maria,direct_text,559,559,0.5044722719141324,139,18.0,139.0,0.12949640287769784,0.03220035778175313,1.0,226.0,0.004424778761061947,0.0017889087656529517,-0.10912343470483005,descriptive_event_class_confounded
qwen36_27b_bf16__gcp_a100,Qwen/Qwen3.6-27B,hurricane,hurricane_harvey|hurricane_irma|hurricane_maria,direct_joint,559,559,0.5044722719141324,139,77.0,139.0,0.5539568345323741,0.13774597495527727,7.0,226.0,0.030973451327433628,0.012522361359570662,-0.4203935599284436,descriptive_event_class_confounded
qwen36_27b_bf16__gcp_a100,Qwen/Qwen3.6-27B,hurricane,hurricane_harvey|hurricane_irma|hurricane_maria,misleading_image,559,559,0.5044722719141324,139,37.0,139.0,0.26618705035971224,0.06618962432915922,1.0,226.0,0.004424778761061947,0.0017889087656529517,-0.22182468694096602,descriptive_event_class_confounded
qwen36_27b_bf16__gcp_a100,Qwen/Qwen3.6-27B,hurricane,hurricane_harvey|hurricane_irma|hurricane_maria,misleading_text,559,559,0.5044722719141324,139,13.0,139.0,0.09352517985611511,0.023255813953488372,1.0,226.0,0.004424778761061947,0.0017889087656529517,-0.1037567084078712,descriptive_event_class_confounded
qwen36_27b_bf16__gcp_a100,Qwen/Qwen3.6-27B,hurricane,hurricane_harvey|hurricane_irma|hurricane_maria,misleading_joint,559,559,0.5044722719141324,139,45.0,139.0,0.3237410071942446,0.08050089445438283,2.0,226.0,0.008849557522123894,0.0035778175313059034,-0.24686940966010734,descriptive_event_class_confounded
qwen36_27b_bf16__gcp_a100,Qwen/Qwen3.6-27B,wildfire,california_wildfires,clean,57,57,0.42105263157894735,24,,,,,,,,,,descriptive_event_class_confounded
qwen36_27b_bf16__gcp_a100,Qwen/Qwen3.6-27B,wildfire,california_wildfires,benign_image,57,57,0.42105263157894735,24,0.0,24.0,0.0,0.0,0.0,2.0,0.0,0.0,0.0,descriptive_event_class_confounded
qwen36_27b_bf16__gcp_a100,Qwen/Qwen3.6-27B,wildfire,california_wildfires,benign_text,57,57,0.42105263157894735,24,0.0,24.0,0.0,0.0,0.0,2.0,0.0,0.0,0.0,descriptive_event_class_confounded
qwen36_27b_bf16__gcp_a100,Qwen/Qwen3.6-27B,wildfire,california_wildfires,benign_joint,57,57,0.42105263157894735,24,0.0,24.0,0.0,0.0,0.0,2.0,0.0,0.0,0.0,descriptive_event_class_confounded
qwen36_27b_bf16__gcp_a100,Qwen/Qwen3.6-27B,wildfire,california_wildfires,direct_image,57,57,0.42105263157894735,24,17.0,24.0,0.7083333333333334,0.2982456140350877,0.0,2.0,0.0,0.0,-0.631578947368421,descriptive_event_class_confounded
qwen36_27b_bf16__gcp_a100,Qwen/Qwen3.6-27B,wildfire,california_wildfires,direct_text,57,57,0.42105263157894735,24,1.0,24.0,0.041666666666666664,0.017543859649122806,0.0,2.0,0.0,0.0,-0.017543859649122806,descriptive_event_class_confounded
qwen36_27b_bf16__gcp_a100,Qwen/Qwen3.6-27B,wildfire,california_wildfires,direct_joint,57,57,0.42105263157894735,24,8.0,24.0,0.3333333333333333,0.14035087719298245,0.0,2.0,0.0,0.0,-0.3157894736842105,descriptive_event_class_confounded
qwen36_27b_bf16__gcp_a100,Qwen/Qwen3.6-27B,wildfire,california_wildfires,misleading_image,57,57,0.42105263157894735,24,1.0,24.0,0.041666666666666664,0.017543859649122806,0.0,2.0,0.0,0.0,-0.017543859649122806,descriptive_event_class_confounded
qwen36_27b_bf16__gcp_a100,Qwen/Qwen3.6-27B,wildfire,california_wildfires,misleading_text,57,57,0.42105263157894735,24,1.0,24.0,0.041666666666666664,0.017543859649122806,0.0,2.0,0.0,0.0,-0.017543859649122806,descriptive_event_class_confounded
qwen36_27b_bf16__gcp_a100,Qwen/Qwen3.6-27B,wildfire,california_wildfires,misleading_joint,57,57,0.42105263157894735,24,1.0,24.0,0.041666666666666664,0.017543859649122806,0.0,2.0,0.0,0.0,-0.017543859649122806,descriptive_event_class_confounded
