model,model_id,malicious_condition,benign_condition,subset,metric,n_paired_eligible,benign_rate,malicious_rate,paired_risk_difference,bootstrap_ci_low,bootstrap_ci_high,n_paired_full_cohort,eligible_share_of_full_cohort,benign_full_cohort_rate,malicious_full_cohort_rate,full_cohort_paired_risk_difference,full_cohort_bootstrap_ci_low,full_cohort_bootstrap_ci_high,benign_only_success,malicious_only_success,discordant_n,mcnemar_p,mcnemar_p_holm
qwen38_27b_bf16__gcp_a100,Qwen/Qwen3.8-27B,direct_image,benign_image,full,downward,249,0.05220883534136546,0.24096385542168675,0.1887550200803213,0.13654618473895583,0.24096385542168672,720,0.3458333333333333,0.018055555555555554,0.08333333333333333,0.06527777777777777,0.04722222222222223,0.08472222222222223,2,49,51,1.1786127629420662e-12,5.893063814710331e-12
qwen38_27b_bf16__gcp_a100,Qwen/Qwen3.8-27B,direct_image,benign_image,full,induced_severe_undertriage,157,0.01910828025477707,0.08280254777070063,0.06369426751592357,0.025477707006369428,0.10191082802547771,720,0.21805555555555556,0.004166666666666667,0.018055555555555554,0.013888888888888888,0.005555555555555556,0.02361111111111111,0,10,10,0.001953125,0.0078125
qwen38_27b_bf16__gcp_a100,Qwen/Qwen3.8-27B,direct_image,benign_image,full,induced_critical_undertriage,157,0.006369426751592357,0.07643312101910828,0.07006369426751592,0.03184713375796178,0.11464968152866242,720,0.21805555555555556,0.001388888888888889,0.016666666666666666,0.015277777777777777,0.006944444444444444,0.025,0,11,11,0.0009765625,0.0048828125
qwen38_27b_bf16__gcp_a100,Qwen/Qwen3.8-27B,direct_image,benign_image,strict_visual_match,downward,202,0.054455445544554455,0.23267326732673269,0.17821782178217824,0.12376237623762376,0.2376237623762376,568,0.35563380281690143,0.01936619718309859,0.08274647887323944,0.06338028169014084,0.04225352112676056,0.08450704225352113,2,38,40,1.4933903003111482e-09,5.973561201244593e-09
qwen38_27b_bf16__gcp_a100,Qwen/Qwen3.8-27B,direct_image,benign_image,strict_visual_match,induced_severe_undertriage,131,0.022900763358778626,0.0916030534351145,0.06870229007633588,0.030534351145038167,0.11450381679389313,568,0.2306338028169014,0.00528169014084507,0.02112676056338028,0.01584507042253521,0.00704225352112676,0.02640845070422535,0,9,9,0.00390625,0.015625
qwen38_27b_bf16__gcp_a100,Qwen/Qwen3.8-27B,direct_image,benign_image,strict_visual_match,induced_critical_undertriage,131,0.007633587786259542,0.08396946564885496,0.07633587786259542,0.03053435114503817,0.12213740458015267,568,0.2306338028169014,0.0017605633802816902,0.01936619718309859,0.0176056338028169,0.007042253521126761,0.028169014084507043,0,10,10,0.001953125,0.009765625
qwen38_27b_bf16__gcp_a100,Qwen/Qwen3.8-27B,direct_text,benign_text,full,downward,249,0.004016064257028112,0.12449799196787148,0.12048192771084337,0.08032128514056225,0.1646586345381526,720,0.3458333333333333,0.001388888888888889,0.043055555555555555,0.041666666666666664,0.027777777777777776,0.05694444444444445,1,31,32,1.5366822481155396e-08,3.073364496231079e-08
qwen38_27b_bf16__gcp_a100,Qwen/Qwen3.8-27B,direct_text,benign_text,full,induced_severe_undertriage,157,0.0,0.025477707006369428,0.025477707006369428,0.006369426751592357,0.050955414012738856,720,0.21805555555555556,0.0,0.005555555555555556,0.005555555555555556,0.001388888888888889,0.011111111111111112,0,4,4,0.125,0.125
qwen38_27b_bf16__gcp_a100,Qwen/Qwen3.8-27B,direct_text,benign_text,full,induced_critical_undertriage,157,0.0,0.012738853503184714,0.012738853503184714,0.0,0.03184713375796178,720,0.21805555555555556,0.0,0.002777777777777778,0.002777777777777778,0.0,0.006944444444444444,0,2,2,0.5,1.0
qwen38_27b_bf16__gcp_a100,Qwen/Qwen3.8-27B,direct_text,benign_text,strict_visual_match,downward,249,0.004016064257028112,0.12449799196787148,0.12048192771084337,0.08032128514056225,0.1646586345381526,720,0.3458333333333333,0.001388888888888889,0.043055555555555555,0.041666666666666664,0.027777777777777776,0.05694444444444445,1,31,32,1.5366822481155396e-08,4.6100467443466187e-08
qwen38_27b_bf16__gcp_a100,Qwen/Qwen3.8-27B,direct_text,benign_text,strict_visual_match,induced_severe_undertriage,157,0.0,0.025477707006369428,0.025477707006369428,0.006369426751592357,0.050955414012738856,720,0.21805555555555556,0.0,0.005555555555555556,0.005555555555555556,0.001388888888888889,0.011111111111111112,0,4,4,0.125,0.125
qwen38_27b_bf16__gcp_a100,Qwen/Qwen3.8-27B,direct_text,benign_text,strict_visual_match,induced_critical_undertriage,157,0.0,0.012738853503184714,0.012738853503184714,0.0,0.03184713375796178,720,0.21805555555555556,0.0,0.002777777777777778,0.002777777777777778,0.0,0.006944444444444444,0,2,2,0.5,1.0
qwen38_27b_bf16__gcp_a100,Qwen/Qwen3.8-27B,direct_joint,benign_joint,full,downward,249,0.04417670682730924,0.42971887550200805,0.3855421686746988,0.3253012048192771,0.4457831325301205,720,0.3458333333333333,0.015277777777777777,0.1486111111111111,0.13333333333333333,0.10972222222222222,0.15833333333333333,0,96,96,2.524354896707238e-29,1.5146129380243427e-28
qwen38_27b_bf16__gcp_a100,Qwen/Qwen3.8-27B,direct_joint,benign_joint,full,induced_severe_undertriage,157,0.01910828025477707,0.3248407643312102,0.3057324840764331,0.2356687898089172,0.37579617834394907,720,0.21805555555555556,0.004166666666666667,0.07083333333333333,0.06666666666666667,0.049999999999999996,0.08472222222222223,0,48,48,7.105427357601002e-15,4.263256414560601e-14
qwen38_27b_bf16__gcp_a100,Qwen/Qwen3.8-27B,direct_joint,benign_joint,full,induced_critical_undertriage,157,0.006369426751592357,0.3248407643312102,0.3184713375796178,0.2484076433121019,0.39490445859872614,720,0.21805555555555556,0.001388888888888889,0.07083333333333333,0.06944444444444445,0.051388888888888894,0.08750000000000001,0,50,50,1.7763568394002505e-15,1.0658141036401503e-14
qwen38_27b_bf16__gcp_a100,Qwen/Qwen3.8-27B,direct_joint,benign_joint,strict_visual_match,downward,202,0.04950495049504951,0.41089108910891087,0.3613861386138614,0.29690594059405945,0.4306930693069307,568,0.35563380281690143,0.017605633802816902,0.14612676056338028,0.12852112676056338,0.10035211267605634,0.1584507042253521,0,73,73,2.117582368135751e-22,1.2705494208814505e-21
qwen38_27b_bf16__gcp_a100,Qwen/Qwen3.8-27B,direct_joint,benign_joint,strict_visual_match,induced_severe_undertriage,131,0.022900763358778626,0.32061068702290074,0.29770992366412213,0.2213740458015267,0.38167938931297707,568,0.2306338028169014,0.00528169014084507,0.07394366197183098,0.06866197183098591,0.04929577464788732,0.0897887323943662,0,39,39,3.637978807091713e-12,2.1827872842550278e-11
qwen38_27b_bf16__gcp_a100,Qwen/Qwen3.8-27B,direct_joint,benign_joint,strict_visual_match,induced_critical_undertriage,131,0.007633587786259542,0.32061068702290074,0.3129770992366412,0.23664122137404578,0.3969465648854962,568,0.2306338028169014,0.0017605633802816902,0.07394366197183098,0.0721830985915493,0.051056338028169015,0.09507042253521127,0,41,41,9.094947017729282e-13,5.4569682106375694e-12
qwen38_27b_bf16__gcp_a100,Qwen/Qwen3.8-27B,misleading_image,benign_image,full,downward,249,0.05220883534136546,0.17670682730923695,0.1244979919678715,0.08433734939759036,0.1686746987951807,720,0.3458333333333333,0.018055555555555554,0.06111111111111111,0.043055555555555555,0.029166666666666667,0.05833333333333333,0,31,31,9.313225746154785e-10,2.7939677238464355e-09
qwen38_27b_bf16__gcp_a100,Qwen/Qwen3.8-27B,misleading_image,benign_image,full,induced_severe_undertriage,157,0.01910828025477707,0.07643312101910828,0.05732484076433121,0.025477707006369425,0.09554140127388536,720,0.21805555555555556,0.004166666666666667,0.016666666666666666,0.0125,0.005555555555555555,0.020833333333333336,0,9,9,0.00390625,0.01171875
qwen38_27b_bf16__gcp_a100,Qwen/Qwen3.8-27B,misleading_image,benign_image,full,induced_critical_undertriage,157,0.006369426751592357,0.01910828025477707,0.012738853503184712,0.0,0.03184713375796178,720,0.21805555555555556,0.001388888888888889,0.004166666666666667,0.0027777777777777775,0.0,0.006944444444444444,0,2,2,0.5,1.0
qwen38_27b_bf16__gcp_a100,Qwen/Qwen3.8-27B,misleading_image,benign_image,strict_visual_match,downward,209,0.05263157894736842,0.1722488038277512,0.11961722488038279,0.07655502392344497,0.1626794258373206,577,0.36221837088388215,0.019064124783362217,0.06239168110918544,0.043327556325823226,0.02772963604852686,0.060658578856152515,0,25,25,5.960464477539063e-08,1.1920928955078125e-07
qwen38_27b_bf16__gcp_a100,Qwen/Qwen3.8-27B,misleading_image,benign_image,strict_visual_match,induced_severe_undertriage,135,0.014814814814814815,0.07407407407407407,0.059259259259259255,0.022222222222222223,0.10370370370370369,577,0.2339688041594454,0.0034662045060658577,0.01733102253032929,0.01386481802426343,0.005199306759098786,0.024263431542461005,0,8,8,0.0078125,0.0234375
qwen38_27b_bf16__gcp_a100,Qwen/Qwen3.8-27B,misleading_image,benign_image,strict_visual_match,induced_critical_undertriage,135,0.007407407407407408,0.022222222222222223,0.014814814814814815,0.0,0.037037037037037035,577,0.2339688041594454,0.0017331022530329288,0.005199306759098787,0.003466204506065858,0.0,0.008665511265164646,0,2,2,0.5,1.0
qwen38_27b_bf16__gcp_a100,Qwen/Qwen3.8-27B,misleading_text,benign_text,full,downward,249,0.004016064257028112,0.10040160642570281,0.0963855421686747,0.060240963855421686,0.1365461847389558,720,0.3458333333333333,0.001388888888888889,0.034722222222222224,0.03333333333333333,0.020833333333333332,0.04722222222222222,0,24,24,1.1920928955078125e-07,1.1920928955078125e-07
qwen38_27b_bf16__gcp_a100,Qwen/Qwen3.8-27B,misleading_text,benign_text,full,induced_severe_undertriage,157,0.0,0.044585987261146494,0.044585987261146494,0.012738853503184714,0.07643312101910828,720,0.21805555555555556,0.0,0.009722222222222222,0.009722222222222222,0.002777777777777778,0.018055555555555554,0,7,7,0.015625,0.03125
qwen38_27b_bf16__gcp_a100,Qwen/Qwen3.8-27B,misleading_text,benign_text,full,induced_critical_undertriage,157,0.0,0.006369426751592357,0.006369426751592357,0.0,0.01910828025477707,720,0.21805555555555556,0.0,0.001388888888888889,0.001388888888888889,0.0,0.004166666666666667,0,1,1,1.0,1.0
qwen38_27b_bf16__gcp_a100,Qwen/Qwen3.8-27B,misleading_text,benign_text,strict_visual_match,downward,249,0.004016064257028112,0.10040160642570281,0.0963855421686747,0.060240963855421686,0.1365461847389558,720,0.3458333333333333,0.001388888888888889,0.034722222222222224,0.03333333333333333,0.020833333333333332,0.04722222222222222,0,24,24,1.1920928955078125e-07,1.1920928955078125e-07
qwen38_27b_bf16__gcp_a100,Qwen/Qwen3.8-27B,misleading_text,benign_text,strict_visual_match,induced_severe_undertriage,157,0.0,0.044585987261146494,0.044585987261146494,0.012738853503184714,0.07643312101910828,720,0.21805555555555556,0.0,0.009722222222222222,0.009722222222222222,0.002777777777777778,0.018055555555555554,0,7,7,0.015625,0.03125
qwen38_27b_bf16__gcp_a100,Qwen/Qwen3.8-27B,misleading_text,benign_text,strict_visual_match,induced_critical_undertriage,157,0.0,0.006369426751592357,0.006369426751592357,0.0,0.01910828025477707,720,0.21805555555555556,0.0,0.001388888888888889,0.001388888888888889,0.0,0.004166666666666667,0,1,1,1.0,1.0
qwen38_27b_bf16__gcp_a100,Qwen/Qwen3.8-27B,misleading_joint,benign_joint,full,downward,249,0.04417670682730924,0.20481927710843373,0.1606425702811245,0.11646586345381525,0.20481927710843373,720,0.3458333333333333,0.015277777777777777,0.07083333333333333,0.05555555555555555,0.04024305555555557,0.07222222222222222,0,40,40,1.8189894035458565e-12,7.275957614183426e-12
qwen38_27b_bf16__gcp_a100,Qwen/Qwen3.8-27B,misleading_joint,benign_joint,full,induced_severe_undertriage,157,0.01910828025477707,0.08917197452229299,0.07006369426751592,0.03184713375796178,0.11464968152866242,720,0.21805555555555556,0.004166666666666667,0.019444444444444445,0.015277777777777779,0.006944444444444445,0.024999999999999998,0,11,11,0.0009765625,0.0048828125
qwen38_27b_bf16__gcp_a100,Qwen/Qwen3.8-27B,misleading_joint,benign_joint,full,induced_critical_undertriage,157,0.006369426751592357,0.01910828025477707,0.012738853503184712,0.0,0.03184713375796178,720,0.21805555555555556,0.001388888888888889,0.004166666666666667,0.0027777777777777775,0.0,0.006944444444444444,0,2,2,0.5,1.0
qwen38_27b_bf16__gcp_a100,Qwen/Qwen3.8-27B,misleading_joint,benign_joint,strict_visual_match,downward,209,0.04784688995215311,0.20574162679425836,0.15789473684210525,0.11004784688995214,0.21052631578947367,577,0.36221837088388215,0.01733102253032929,0.07452339688041594,0.05719237435008665,0.03986135181975736,0.07625649913344888,0,33,33,2.3283064365386963e-10,1.1641532182693481e-09
qwen38_27b_bf16__gcp_a100,Qwen/Qwen3.8-27B,misleading_joint,benign_joint,strict_visual_match,induced_severe_undertriage,135,0.014814814814814815,0.08888888888888889,0.07407407407407407,0.02962962962962963,0.11851851851851852,577,0.2339688041594454,0.0034662045060658577,0.02079722703639515,0.017331022530329292,0.006932409012131716,0.02946273830155979,0,10,10,0.001953125,0.009765625
qwen38_27b_bf16__gcp_a100,Qwen/Qwen3.8-27B,misleading_joint,benign_joint,strict_visual_match,induced_critical_undertriage,135,0.007407407407407408,0.022222222222222223,0.014814814814814815,0.0,0.037037037037037035,577,0.2339688041594454,0.0017331022530329288,0.005199306759098787,0.003466204506065858,0.0,0.008665511265164646,0,2,2,0.5,1.0
